term_name,source,p_values,significant,intersection_sizes,direction
defense response,GO:BP,3.66247015008219e-37,TRUE,96,Up-regulated
response to external biotic stimulus,GO:BP,1.49141513829474e-35,TRUE,87,Up-regulated
response to other organism,GO:BP,1.49141513829474e-35,TRUE,87,Up-regulated
biological process involved in interspecies interaction between organisms,GO:BP,1.49141513829474e-35,TRUE,91,Up-regulated
response to biotic stimulus,GO:BP,1.49141513829474e-35,TRUE,88,Up-regulated
response to external stimulus,GO:BP,1.25310710500832e-29,TRUE,98,Up-regulated
defense response to other organism,GO:BP,1.25310710500832e-29,TRUE,68,Up-regulated
defense response to symbiont,GO:BP,2.12257485989233e-28,TRUE,66,Up-regulated
defense response to virus,GO:BP,6.82077116529619e-28,TRUE,40,Up-regulated
response to virus,GO:BP,9.36179976212992e-26,TRUE,42,Up-regulated
innate immune response,GO:BP,2.76057972850802e-24,TRUE,59,Up-regulated
response to stress,GO:BP,9.46292464776186e-24,TRUE,116,Up-regulated
negative regulation of viral genome replication,GO:BP,7.96469391588079e-22,TRUE,18,Up-regulated
immune response,GO:BP,2.64193380053879e-21,TRUE,79,Up-regulated
immune system process,GO:BP,1.55203164422256e-20,TRUE,92,Up-regulated
regulation of viral genome replication,GO:BP,2.35289766641266e-19,TRUE,19,Up-regulated
viral genome replication,GO:BP,4.19840390081335e-19,TRUE,21,Up-regulated
regulation of viral life cycle,GO:BP,4.80318226594949e-19,TRUE,21,Up-regulated
negative regulation of viral process,GO:BP,2.59103822376036e-18,TRUE,18,Up-regulated
response to cytokine,GO:BP,5.74361403485622e-18,TRUE,50,Up-regulated
response to peptide,GO:BP,1.00204992446961e-17,TRUE,50,Up-regulated
regulation of viral process,GO:BP,3.23720389134878e-17,TRUE,21,Up-regulated
Interferon alpha/beta signaling,REAC,5.42615921955557e-17,TRUE,14,Up-regulated
response to bacterium,GO:BP,5.46094737065076e-17,TRUE,42,Up-regulated
antiviral innate immune response,GO:BP,1.35089773296956e-16,TRUE,15,Up-regulated
viral process,GO:BP,2.89297060949255e-16,TRUE,29,Up-regulated
viral life cycle,GO:BP,4.2750649832419e-16,TRUE,26,Up-regulated
cellular response to cytokine stimulus,GO:BP,2.22698477139913e-14,TRUE,43,Up-regulated
cytokine-mediated signaling pathway,GO:BP,5.95958261606538e-14,TRUE,32,Up-regulated
response to type I interferon,GO:BP,2.00412958513403e-13,TRUE,14,Up-regulated
regulation of defense response,GO:BP,3.39994513568097e-13,TRUE,40,Up-regulated
interferon-mediated signaling pathway,GO:BP,8.14504276167596e-13,TRUE,16,Up-regulated
regulation of response to external stimulus,GO:BP,1.32489296728572e-12,TRUE,45,Up-regulated
cellular response to type I interferon,GO:BP,2.06302405454638e-12,TRUE,13,Up-regulated
response to stimulus,GO:BP,2.27131167706529e-12,TRUE,168,Up-regulated
defense response to bacterium,GO:BP,4.15825311345513e-12,TRUE,25,Up-regulated
response to chemical,GO:BP,3.20338189239482e-11,TRUE,92,Up-regulated
type I interferon-mediated signaling pathway,GO:BP,4.55136190794375e-11,TRUE,12,Up-regulated
Interferon Signaling,REAC,7.40001313860331e-11,TRUE,15,Up-regulated
interleukin-27-mediated signaling pathway,GO:BP,8.71725772511551e-11,TRUE,5,Up-regulated
positive regulation of response to external stimulus,GO:BP,2.64249380830462e-09,TRUE,30,Up-regulated
inflammatory response,GO:BP,3.07329918945377e-09,TRUE,35,Up-regulated
regulation of response to cytokine stimulus,GO:BP,3.56445750742361e-09,TRUE,15,Up-regulated
regulation of innate immune response,GO:BP,6.85465892197923e-09,TRUE,25,Up-regulated
antimicrobial humoral response,GO:BP,6.85465892197923e-09,TRUE,15,Up-regulated
response to lipopolysaccharide,GO:BP,6.85465892197923e-09,TRUE,21,Up-regulated
regulation of immune system process,GO:BP,8.00560040082237e-09,TRUE,48,Up-regulated
positive regulation of immune system process,GO:BP,8.00560040082237e-09,TRUE,39,Up-regulated
regulation of response to biotic stimulus,GO:BP,9.20024900575041e-09,TRUE,27,Up-regulated
positive regulation of defense response,GO:BP,1.02540871233468e-08,TRUE,26,Up-regulated
response to molecule of bacterial origin,GO:BP,1.75057643732102e-08,TRUE,21,Up-regulated
defense response to fungus,GO:BP,5.00581884906804e-08,TRUE,10,Up-regulated
Cytokine Signaling in Immune system,REAC,7.32758392297851e-08,TRUE,23,Up-regulated
signaling,GO:BP,7.46167119728406e-08,TRUE,116,Up-regulated
cellular response to lipopolysaccharide,GO:BP,7.47052822786317e-08,TRUE,16,Up-regulated
regulation of cytokine production,GO:BP,7.85887207616601e-08,TRUE,29,Up-regulated
positive regulation of response to stimulus,GO:BP,8.41971276434291e-08,TRUE,58,Up-regulated
cytokine production,GO:BP,9.02060708879725e-08,TRUE,29,Up-regulated
positive regulation of biological process,GO:BP,1.00148478538713e-07,TRUE,104,Up-regulated
cell surface receptor signaling pathway,GO:BP,1.0371809936507e-07,TRUE,62,Up-regulated
regulation of immune response,GO:BP,1.24183065736029e-07,TRUE,34,Up-regulated
regulation of cytokine-mediated signaling pathway,GO:BP,1.24937277821152e-07,TRUE,15,Up-regulated
cellular response to molecule of bacterial origin,GO:BP,1.34327005605292e-07,TRUE,16,Up-regulated
Antimicrobial mechanism of IFN-stimulated genes,REAC,1.94309658734148e-07,TRUE,9,Up-regulated
double-stranded RNA binding,GO:MF,2.31363377154721e-07,TRUE,11,Up-regulated
response to fungus,GO:BP,2.40907252798366e-07,TRUE,10,Up-regulated
humoral immune response,GO:BP,2.86514024267474e-07,TRUE,15,Up-regulated
signal transduction,GO:BP,2.8860525462843e-07,TRUE,108,Up-regulated
cellular response to exogenous dsRNA,GO:BP,3.28733887437909e-07,TRUE,6,Up-regulated
cell communication,GO:BP,4.34386876196946e-07,TRUE,114,Up-regulated
negative regulation of cytokine production,GO:BP,4.46308044997958e-07,TRUE,17,Up-regulated
cellular response to stimulus,GO:BP,4.58510321884264e-07,TRUE,133,Up-regulated
antimicrobial humoral immune response mediated by antimicrobial peptide,GO:BP,4.92327997317955e-07,TRUE,10,Up-regulated
regulation of response to stress,GO:BP,5.00467478027273e-07,TRUE,41,Up-regulated
cellular response to biotic stimulus,GO:BP,5.84848657697598e-07,TRUE,16,Up-regulated
cellular response to chemical stimulus,GO:BP,7.06644000281209e-07,TRUE,55,Up-regulated
regulation of type I interferon-mediated signaling pathway,GO:BP,7.56732114314046e-07,TRUE,7,Up-regulated
Immune System,REAC,1.02875801251371e-06,TRUE,38,Up-regulated
positive regulation of interferon-beta production,GO:BP,1.25038161849356e-06,TRUE,7,Up-regulated
regulation of tumor necrosis factor production,GO:BP,1.44482881420206e-06,TRUE,12,Up-regulated
tumor necrosis factor production,GO:BP,1.44482881420206e-06,TRUE,12,Up-regulated
cellular response to dsRNA,GO:BP,1.58522333169715e-06,TRUE,6,Up-regulated
OAS antiviral response,REAC,1.60441185103601e-06,TRUE,4,Up-regulated
tumor necrosis factor superfamily cytokine production,GO:BP,1.93698223511722e-06,TRUE,12,Up-regulated
regulation of tumor necrosis factor superfamily cytokine production,GO:BP,1.93698223511722e-06,TRUE,12,Up-regulated
negative regulation of type I interferon-mediated signaling pathway,GO:BP,1.95965939439796e-06,TRUE,4,Up-regulated
MDA-5 signaling pathway,GO:BP,1.96392785389643e-06,TRUE,5,Up-regulated
positive regulation of cellular process,GO:BP,2.03716336928892e-06,TRUE,105,Up-regulated
2'-5'-oligoadenylate synthetase activity,GO:MF,2.22070499108936e-06,TRUE,3,Up-regulated
antibacterial humoral response,GO:BP,2.22638832728001e-06,TRUE,9,Up-regulated
mucosal immune response,GO:BP,2.47689118874064e-06,TRUE,6,Up-regulated
regulation of type I interferon production,GO:BP,2.55749697533949e-06,TRUE,11,Up-regulated
type I interferon production,GO:BP,2.55749697533949e-06,TRUE,11,Up-regulated
positive regulation of innate immune response,GO:BP,2.71070185994524e-06,TRUE,19,Up-regulated
negative regulation of cytokine-mediated signaling pathway,GO:BP,2.94259373539347e-06,TRUE,10,Up-regulated
regulation of multicellular organismal process,GO:BP,2.96140861171197e-06,TRUE,50,Up-regulated
glycosaminoglycan binding,GO:MF,2.99014650465083e-06,TRUE,16,Up-regulated
response to interferon-alpha,GO:BP,3.20328522497499e-06,TRUE,6,Up-regulated
cellular response to oxygen-containing compound,GO:BP,3.52375052241156e-06,TRUE,36,Up-regulated
organ or tissue specific immune response,GO:BP,4.15015823175327e-06,TRUE,6,Up-regulated
positive regulation of response to cytokine stimulus,GO:BP,4.25491148087561e-06,TRUE,8,Up-regulated
defense response to Gram-negative bacterium,GO:BP,4.28695148908623e-06,TRUE,9,Up-regulated
negative regulation of response to cytokine stimulus,GO:BP,4.28695148908623e-06,TRUE,10,Up-regulated
response to interferon-beta,GO:BP,4.53129157276053e-06,TRUE,7,Up-regulated
positive regulation of immune response,GO:BP,4.66371217374517e-06,TRUE,27,Up-regulated
sulfur compound binding,GO:MF,5.87202145795418e-06,TRUE,15,Up-regulated
positive regulation of response to biotic stimulus,GO:BP,6.60265831973016e-06,TRUE,19,Up-regulated
negative regulation of cell cycle,GO:BP,7.42486191092646e-06,TRUE,18,Up-regulated
regulation of cell cycle,GO:BP,8.52395278155341e-06,TRUE,33,Up-regulated
interferon-beta production,GO:BP,1.01874458958014e-05,TRUE,7,Up-regulated
regulation of interferon-beta production,GO:BP,1.01874458958014e-05,TRUE,7,Up-regulated
negative regulation of immune system process,GO:BP,1.01874458958014e-05,TRUE,20,Up-regulated
innate immune response in mucosa,GO:BP,1.03528052758716e-05,TRUE,5,Up-regulated
cell cycle,GO:BP,1.04046490358947e-05,TRUE,43,Up-regulated
negative regulation of biological process,GO:BP,1.18004587862782e-05,TRUE,93,Up-regulated
negative regulation of innate immune response,GO:BP,1.18457829063754e-05,TRUE,6,Up-regulated
heparin binding,GO:MF,1.23666901305396e-05,TRUE,12,Up-regulated
cellular response to lipid,GO:BP,1.35375632293927e-05,TRUE,22,Up-regulated
response to lipid,GO:BP,1.37674076948819e-05,TRUE,28,Up-regulated
negative regulation of defense response,GO:BP,1.39333935047324e-05,TRUE,14,Up-regulated
regulation of response to stimulus,GO:BP,1.41775203826938e-05,TRUE,64,Up-regulated
negative regulation of response to external stimulus,GO:BP,1.4540358913373e-05,TRUE,17,Up-regulated
activation of innate immune response,GO:BP,1.81585618170331e-05,TRUE,16,Up-regulated
negative regulation of cell cycle process,GO:BP,1.9244589115262e-05,TRUE,15,Up-regulated
pattern recognition receptor signaling pathway,GO:BP,2.03460553983218e-05,TRUE,15,Up-regulated
neutrophil mediated immunity,GO:BP,2.03460553983218e-05,TRUE,6,Up-regulated
negative regulation of response to biotic stimulus,GO:BP,2.03460553983218e-05,TRUE,10,Up-regulated
negative regulation of multicellular organismal process,GO:BP,2.08085745612333e-05,TRUE,30,Up-regulated
regulation of mitotic cell cycle,GO:BP,2.56958912522537e-05,TRUE,20,Up-regulated
regulation of cell cycle process,GO:BP,2.6440507470504e-05,TRUE,25,Up-regulated
negative regulation of mitotic cell cycle,GO:BP,2.74253488244604e-05,TRUE,13,Up-regulated
killing of cells of another organism,GO:BP,2.74253488244604e-05,TRUE,8,Up-regulated
disruption of cell in another organism,GO:BP,2.74253488244604e-05,TRUE,8,Up-regulated
positive regulation of multicellular organismal process,GO:BP,2.90190727514269e-05,TRUE,39,Up-regulated
positive regulation of type I interferon production,GO:BP,2.9780236372905e-05,TRUE,8,Up-regulated
positive regulation of tumor necrosis factor production,GO:BP,3.1185016826131e-05,TRUE,8,Up-regulated
positive regulation of inflammatory response,GO:BP,3.28443451982176e-05,TRUE,11,Up-regulated
mitotic cell cycle,GO:BP,3.42924697659331e-05,TRUE,28,Up-regulated
positive regulation of gene expression,GO:BP,3.42924697659331e-05,TRUE,31,Up-regulated
innate immune response-activating signaling pathway,GO:BP,3.43565595878432e-05,TRUE,15,Up-regulated
positive regulation of signal transduction,GO:BP,3.43565595878432e-05,TRUE,40,Up-regulated
regulation of signal transduction,GO:BP,3.43565595878432e-05,TRUE,61,Up-regulated
disruption of anatomical structure in another organism,GO:BP,3.71020129769897e-05,TRUE,8,Up-regulated
positive regulation of tumor necrosis factor superfamily cytokine production,GO:BP,3.91916038490635e-05,TRUE,8,Up-regulated
cell cycle process,GO:BP,3.92260076624837e-05,TRUE,35,Up-regulated
cytoplasmic pattern recognition receptor signaling pathway,GO:BP,3.96786975459556e-05,TRUE,10,Up-regulated
myeloid leukocyte activation,GO:BP,4.9323690709098e-05,TRUE,13,Up-regulated
positive regulation of cell cycle,GO:BP,4.9323690709098e-05,TRUE,16,Up-regulated
activation of immune response,GO:BP,5.1060542592402e-05,TRUE,21,Up-regulated
positive regulation of cytokine production,GO:BP,5.28146239213494e-05,TRUE,17,Up-regulated
regulation of inflammatory response,GO:BP,5.36437649275954e-05,TRUE,17,Up-regulated
Antimicrobial peptides,REAC,5.59578073985609e-05,TRUE,12,Up-regulated
regulation of signaling,GO:BP,5.6817637436854e-05,TRUE,71,Up-regulated
response to exogenous dsRNA,GO:BP,5.69906668628879e-05,TRUE,6,Up-regulated
chemokine receptor binding,GO:MF,6.06809888509368e-05,TRUE,7,Up-regulated
serine-type endopeptidase activity,GO:MF,6.06809888509368e-05,TRUE,11,Up-regulated
serine-type endopeptidase activity,GO:MF,0.0216617151285061,TRUE,3,Down-regulated
pyroptotic inflammatory response,GO:BP,6.57350089262312e-05,TRUE,6,Up-regulated
chemokine activity,GO:MF,7.19697918436023e-05,TRUE,6,Up-regulated
negative regulation of myeloid leukocyte differentiation,GO:BP,7.59310422454255e-05,TRUE,7,Up-regulated
negative regulation of cell cycle phase transition,GO:BP,7.84858434752576e-05,TRUE,13,Up-regulated
response to oxygen-containing compound,GO:BP,8.16232084820257e-05,TRUE,40,Up-regulated
cellular response to nitrogen compound,GO:BP,8.17313252681156e-05,TRUE,23,Up-regulated
cellular response to interleukin-1,GO:BP,8.54829721838021e-05,TRUE,8,Up-regulated
neutrophil-mediated killing of symbiont cell,GO:BP,9.55827162869993e-05,TRUE,4,Up-regulated
Neutrophil degranulation,REAC,0.000101572742414161,TRUE,23,Up-regulated
immune response-regulating signaling pathway,GO:BP,0.000105629334928859,TRUE,20,Up-regulated
granulocyte migration,GO:BP,0.000105848873075289,TRUE,8,Up-regulated
regulation of cell cycle phase transition,GO:BP,0.000107230826273586,TRUE,17,Up-regulated
positive regulation of cell communication,GO:BP,0.000107230826273586,TRUE,42,Up-regulated
positive regulation of signaling,GO:BP,0.000108041918387911,TRUE,42,Up-regulated
regulation of cell communication,GO:BP,0.000112905860099935,TRUE,70,Up-regulated
serine-type peptidase activity,GO:MF,0.000112918661429845,TRUE,11,Up-regulated
serine-type peptidase activity,GO:MF,0.0216617151285061,TRUE,2,Down-regulated
intracellular signal transduction,GO:BP,0.000113256194947725,TRUE,60,Up-regulated
response to dsRNA,GO:BP,0.000122835217484202,TRUE,6,Up-regulated
serine hydrolase activity,GO:MF,0.000123219121838918,TRUE,11,Up-regulated
serine hydrolase activity,GO:MF,0.0216617151285061,TRUE,2,Down-regulated
immune effector process,GO:BP,0.000133943091118154,TRUE,22,Up-regulated
myeloid leukocyte migration,GO:BP,0.000159849117671994,TRUE,10,Up-regulated
neutrophil mediated cytotoxicity,GO:BP,0.000159849117671994,TRUE,4,Up-regulated
ISG15 antiviral mechanism,REAC,0.000165143755476041,TRUE,5,Up-regulated
negative regulation of IP-10 production,GO:BP,0.000167871297890175,TRUE,2,Up-regulated
RIG-I signaling pathway,GO:BP,0.000179958336741821,TRUE,5,Up-regulated
eosinophil chemotaxis,GO:BP,0.000190677436730869,TRUE,4,Up-regulated
regulation of myeloid leukocyte differentiation,GO:BP,0.000208038400848591,TRUE,8,Up-regulated
chromosome segregation,GO:BP,0.000211358904536124,TRUE,17,Up-regulated
programmed cell death,GO:BP,0.000250954829475075,TRUE,30,Up-regulated
chemokine-mediated signaling pathway,GO:BP,0.000250954829475075,TRUE,6,Up-regulated
cell death,GO:BP,0.00025961197133344,TRUE,30,Up-regulated
regulation of myeloid cell differentiation,GO:BP,0.000266874418469368,TRUE,10,Up-regulated
regulation of reproductive process,GO:BP,0.000267020812443019,TRUE,11,Up-regulated
cell cycle phase transition,GO:BP,0.00026705571825883,TRUE,19,Up-regulated
regulation of mitotic cell cycle phase transition,GO:BP,0.000269640650048452,TRUE,14,Up-regulated
positive regulation of cytokine-mediated signaling pathway,GO:BP,0.000271846401863499,TRUE,6,Up-regulated
leukocyte migration,GO:BP,0.000295501937949764,TRUE,16,Up-regulated
monocyte chemotaxis,GO:BP,0.000296548443795673,TRUE,5,Up-regulated
negative regulation of myeloid cell differentiation,GO:BP,0.000300165026846771,TRUE,7,Up-regulated
positive regulation of pattern recognition receptor signaling pathway,GO:BP,0.000300165026846771,TRUE,7,Up-regulated
IP-10 production,GO:BP,0.000300165026846771,TRUE,2,Up-regulated
negative regulation of chemokine (C-X-C motif) ligand 2 production,GO:BP,0.000300165026846771,TRUE,2,Up-regulated
regulation of IP-10 production,GO:BP,0.000300165026846771,TRUE,2,Up-regulated
mitotic cell cycle process,GO:BP,0.000313594784863275,TRUE,23,Up-regulated
modulation of process of another organism,GO:BP,0.000317574508940984,TRUE,7,Up-regulated
cell migration,GO:BP,0.000319485269929681,TRUE,33,Up-regulated
biological process involved in symbiotic interaction,GO:BP,0.00032020625471018,TRUE,11,Up-regulated
cell population proliferation,GO:BP,0.000322763762717545,TRUE,40,Up-regulated
intracellular receptor signaling pathway,GO:BP,0.000324552301039514,TRUE,13,Up-regulated
nuclear division,GO:BP,0.000334014896199491,TRUE,17,Up-regulated
immune response-activating signaling pathway,GO:BP,0.000340097166596463,TRUE,18,Up-regulated
eosinophil migration,GO:BP,0.000340961685136255,TRUE,4,Up-regulated
negative regulation of mitotic cell cycle phase transition,GO:BP,0.000356926613036217,TRUE,10,Up-regulated
regulation of chemokine production,GO:BP,0.000359768718826845,TRUE,7,Up-regulated
chemokine production,GO:BP,0.000359768718826845,TRUE,7,Up-regulated
response to chemokine,GO:BP,0.000396085551079233,TRUE,6,Up-regulated
cellular response to chemokine,GO:BP,0.000396085551079233,TRUE,6,Up-regulated
acute inflammatory response,GO:BP,0.000396085551079233,TRUE,8,Up-regulated
ISG15-protein conjugation,GO:BP,0.000416197675175102,TRUE,2,Up-regulated
response to interleukin-1,GO:BP,0.000425359656550258,TRUE,8,Up-regulated
myeloid cell differentiation,GO:BP,0.000427762373133394,TRUE,14,Up-regulated
regulation of ribonuclease activity,GO:BP,0.000451855206419227,TRUE,2,Up-regulated
positive regulation of cell cycle process,GO:BP,0.000456108032925936,TRUE,12,Up-regulated
fibroblast proliferation,GO:BP,0.000472775567504505,TRUE,8,Up-regulated
negative regulation of immune response,GO:BP,0.000481920836221665,TRUE,6,Up-regulated
defense response to Gram-positive bacterium,GO:BP,0.000491077566140224,TRUE,5,Up-regulated
cell motility,GO:BP,0.000513943487725456,TRUE,36,Up-regulated
response to type II interferon,GO:BP,0.000514317288818039,TRUE,8,Up-regulated
positive regulation of defense response to virus by host,GO:BP,0.000533350974015154,TRUE,5,Up-regulated
proteolysis,GO:BP,0.000560049383718318,TRUE,9,Up-regulated
regulation of molecular function,GO:BP,0.000563550006976994,TRUE,26,Up-regulated
mitotic cell cycle phase transition,GO:BP,0.000572211573869739,TRUE,16,Up-regulated
regulation of pattern recognition receptor signaling pathway,GO:BP,0.000576532676591724,TRUE,10,Up-regulated
myeloid leukocyte differentiation,GO:BP,0.000628219640992734,TRUE,9,Up-regulated
endopeptidase activity,GO:MF,0.000660079381951252,TRUE,14,Up-regulated
endopeptidase activity,GO:MF,0.0199638712317835,TRUE,5,Down-regulated
leukocyte chemotaxis,GO:BP,0.000662979179917347,TRUE,10,Up-regulated
myeloid leukocyte mediated immunity,GO:BP,0.00068861309548548,TRUE,7,Up-regulated
negative regulation of chemokine production,GO:BP,0.000707400412901978,TRUE,4,Up-regulated
negative regulation of cellular process,GO:BP,0.000723333479086389,TRUE,83,Up-regulated
ERK1 and ERK2 cascade,GO:BP,0.000776863304540957,TRUE,12,Up-regulated
chemotaxis,GO:BP,0.000777361305727441,TRUE,16,Up-regulated
biological process involved in interaction with host,GO:BP,0.000777361305727441,TRUE,10,Up-regulated
regulation of nuclear division,GO:BP,0.000809480419069611,TRUE,9,Up-regulated
taxis,GO:BP,0.000809480419069611,TRUE,16,Up-regulated
signaling receptor binding,GO:MF,0.000852392026719045,TRUE,24,Up-regulated
CCR chemokine receptor binding,GO:MF,0.000852392026719045,TRUE,5,Up-regulated
G protein-coupled receptor binding,GO:MF,0.000852392026719045,TRUE,10,Up-regulated
regulation of cell population proliferation,GO:BP,0.000940317929255277,TRUE,34,Up-regulated
positive regulation of mitotic cell cycle phase transition,GO:BP,0.000956269669112782,TRUE,7,Up-regulated
organelle fission,GO:BP,0.000976435629861329,TRUE,17,Up-regulated
cell surface receptor signaling pathway via STAT,GO:BP,0.00101832352818315,TRUE,8,Up-regulated
collagen catabolic process,GO:BP,0.00102323127504532,TRUE,3,Up-regulated
negative regulation of cell development,GO:BP,0.00105244733275126,TRUE,10,Up-regulated
neutrophil-mediated killing of fungus,GO:BP,0.00109685690996299,TRUE,2,Up-regulated
leukemia inhibitory factor signaling pathway,GO:BP,0.00111765130714965,TRUE,2,Up-regulated
biological regulation,GO:BP,0.00117618026648174,TRUE,138,Up-regulated
regulation of mitotic nuclear division,GO:BP,0.0011981834314275,TRUE,8,Up-regulated
response to nitrogen compound,GO:BP,0.00126685429697082,TRUE,25,Up-regulated
cytokine activity,GO:MF,0.00127329126354598,TRUE,12,Up-regulated
adenylyltransferase activity,GO:MF,0.00127329126354598,TRUE,3,Up-regulated
secretion,GO:BP,0.00127355108642342,TRUE,21,Up-regulated
regulation of defense response to virus,GO:BP,0.00131421799362325,TRUE,6,Up-regulated
Influenza A,KEGG,0.00135618791481305,TRUE,7,Up-regulated
locomotion,GO:BP,0.00142073489543902,TRUE,26,Up-regulated
hemopoiesis,GO:BP,0.00145082320268623,TRUE,25,Up-regulated
regulation of chromosome segregation,GO:BP,0.00145244509170859,TRUE,8,Up-regulated
mitotic nuclear division,GO:BP,0.00156881196673422,TRUE,12,Up-regulated
positive regulation of locomotion,GO:BP,0.00161215374187174,TRUE,14,Up-regulated
disruption of cellular anatomical structure in another organism,GO:BP,0.0016153252624684,TRUE,2,Up-regulated
disruption of plasma membrane integrity in another organism,GO:BP,0.0016153252624684,TRUE,2,Up-regulated
positive regulation of ovulation,GO:BP,0.001639745240473,TRUE,2,Up-regulated
cellular response to virus,GO:BP,0.00164600805298249,TRUE,5,Up-regulated
positive regulation of DNA endoreduplication,GO:BP,0.00168924635799728,TRUE,2,Up-regulated
granulocyte chemotaxis,GO:BP,0.00169026908124231,TRUE,6,Up-regulated
regulation of biological process,GO:BP,0.00169026908124231,TRUE,136,Up-regulated
apoptotic process,GO:BP,0.00183831953526795,TRUE,27,Up-regulated
regulation of biological process involved in symbiotic interaction,GO:BP,0.00185345731292982,TRUE,4,Up-regulated
defense response to protozoan,GO:BP,0.00187546114947501,TRUE,4,Up-regulated
regulation of programmed cell death,GO:BP,0.00192448061014605,TRUE,28,Up-regulated
negative regulation of cell differentiation,GO:BP,0.00194986066804163,TRUE,16,Up-regulated
Coronavirus disease - COVID-19,KEGG,0.00195884632515484,TRUE,10,Up-regulated
regulation of defense response to virus by host,GO:BP,0.00202569948451512,TRUE,5,Up-regulated
identical protein binding,GO:MF,0.00203049052779556,TRUE,44,Up-regulated
neutrophil-mediated killing of bacterium,GO:BP,0.00208465286124998,TRUE,3,Up-regulated
regulation of interleukin-1-mediated signaling pathway,GO:BP,0.00221450560536522,TRUE,3,Up-regulated
regulation of meiotic cell cycle phase transition,GO:BP,0.00221955855610869,TRUE,3,Up-regulated
positive regulation of chemokine production,GO:BP,0.00227085697751226,TRUE,5,Up-regulated
regulation of sister chromatid segregation,GO:BP,0.00227354754415185,TRUE,7,Up-regulated
leukocyte activation,GO:BP,0.00227354754415185,TRUE,21,Up-regulated
regulation of osteoblast proliferation,GO:BP,0.00227354754415185,TRUE,4,Up-regulated
cell activation,GO:BP,0.00227354754415185,TRUE,23,Up-regulated
positive regulation of monocyte chemotactic protein-1 production,GO:BP,0.00227354754415185,TRUE,2,Up-regulated
positive regulation of RIG-I signaling pathway,GO:BP,0.00227354754415185,TRUE,3,Up-regulated
Interferon gamma signaling,REAC,0.0023653061705079,TRUE,9,Up-regulated
regulation of meiotic cell cycle,GO:BP,0.0023992476703354,TRUE,5,Up-regulated
trophoblast giant cell differentiation,GO:BP,0.00243983184472733,TRUE,3,Up-regulated
hematopoietic progenitor cell differentiation,GO:BP,0.00244479625610663,TRUE,8,Up-regulated
response to zinc ion,GO:BP,0.00256571864375771,TRUE,5,Up-regulated
regulation of chromosome separation,GO:BP,0.00256703471991275,TRUE,6,Up-regulated
interferon-alpha production,GO:BP,0.00258232167095272,TRUE,4,Up-regulated
regulation of interferon-alpha production,GO:BP,0.00258232167095272,TRUE,4,Up-regulated
lymphocyte chemotaxis,GO:BP,0.00258232167095272,TRUE,4,Up-regulated
cell cycle checkpoint signaling,GO:BP,0.0025995670827431,TRUE,9,Up-regulated
Hepatitis C,KEGG,0.00260648847484096,TRUE,8,Up-regulated
response to protozoan,GO:BP,0.00262107233078862,TRUE,4,Up-regulated
positive regulation of programmed cell death,GO:BP,0.00267810455797984,TRUE,17,Up-regulated
regulation of apoptotic process,GO:BP,0.00267810455797984,TRUE,27,Up-regulated
lipopolysaccharide binding,GO:MF,0.00278406639211179,TRUE,5,Up-regulated
Innate Immune System,REAC,0.00287291448245101,TRUE,32,Up-regulated
positive regulation of cell cycle phase transition,GO:BP,0.0028731983084148,TRUE,7,Up-regulated
cellular response to peptide hormone stimulus,GO:BP,0.00289914051599204,TRUE,13,Up-regulated
insulin receptor internalization,GO:BP,0.00289914051599204,TRUE,2,Up-regulated
regulation of locomotion,GO:BP,0.0029887601662553,TRUE,21,Up-regulated
negative regulation of cell population proliferation,GO:BP,0.003071671598168,TRUE,19,Up-regulated
regulation of single stranded viral RNA replication via double stranded DNA intermediate,GO:BP,0.003071671598168,TRUE,3,Up-regulated
regulation of binding,GO:BP,0.003071671598168,TRUE,8,Up-regulated
negative regulation of interleukin-1 production,GO:BP,0.00314452490049684,TRUE,4,Up-regulated
cellular response to angiotensin,GO:BP,0.00314595710556758,TRUE,4,Up-regulated
cell adhesion,GO:BP,0.00314595710556758,TRUE,32,Up-regulated
meiotic cell cycle process,GO:BP,0.00318965573758871,TRUE,10,Up-regulated
positive regulation of immune effector process,GO:BP,0.00318965573758871,TRUE,7,Up-regulated
cell killing,GO:BP,0.00331618070319739,TRUE,9,Up-regulated
regulation of blood coagulation,GO:BP,0.00334852967342712,TRUE,5,Up-regulated
RSV-host interactions,REAC,0.00340363734755269,TRUE,8,Up-regulated
collagen metabolic process,GO:BP,0.00343947846282263,TRUE,5,Up-regulated
regulation of transport,GO:BP,0.00344767524597834,TRUE,23,Up-regulated
antifungal humoral response,GO:BP,0.00345436107171898,TRUE,2,Up-regulated
regulation of response to type II interferon,GO:BP,0.00347429291798699,TRUE,3,Up-regulated
regulation of type II interferon-mediated signaling pathway,GO:BP,0.00347429291798699,TRUE,3,Up-regulated
multicellular organismal process,GO:BP,0.003497219326894,TRUE,108,Up-regulated
secretion by cell,GO:BP,0.003497219326894,TRUE,18,Up-regulated
positive regulation of cell motility,GO:BP,0.003497219326894,TRUE,13,Up-regulated
meiotic cell cycle phase transition,GO:BP,0.00349984472959583,TRUE,3,Up-regulated
regulation of macrophage differentiation,GO:BP,0.00353460372869071,TRUE,3,Up-regulated
single stranded viral RNA replication via double stranded DNA intermediate,GO:BP,0.00357578152727947,TRUE,3,Up-regulated
Fibronectin matrix formation,REAC,0.00358603876899234,TRUE,3,Up-regulated
regulation of hemostasis,GO:BP,0.00364634091097685,TRUE,5,Up-regulated
positive regulation of chromosome segregation,GO:BP,0.00364634091097685,TRUE,4,Up-regulated
chromosome separation,GO:BP,0.00364634091097685,TRUE,6,Up-regulated
export from cell,GO:BP,0.00364634091097685,TRUE,19,Up-regulated
regulation of localization,GO:BP,0.00367394550596497,TRUE,31,Up-regulated
negative regulation of signaling,GO:BP,0.00369181946327948,TRUE,33,Up-regulated
positive regulation of type I interferon-mediated signaling pathway,GO:BP,0.0037443189441663,TRUE,3,Up-regulated
clathrin-dependent endocytosis of virus by host cell,GO:BP,0.0037443189441663,TRUE,1,Up-regulated
osteoblast proliferation,GO:BP,0.00380695956586295,TRUE,4,Up-regulated
regulation of ovulation,GO:BP,0.00381143689169343,TRUE,2,Up-regulated
negative regulation of follicle-stimulating hormone secretion,GO:BP,0.00381143689169343,TRUE,2,Up-regulated
cellular extravasation,GO:BP,0.00391111857663681,TRUE,5,Up-regulated
regulation of DNA endoreduplication,GO:BP,0.0039331188514144,TRUE,2,Up-regulated
negative regulation of leukocyte differentiation,GO:BP,0.0039736933416611,TRUE,6,Up-regulated
CXCR3 chemokine receptor binding,GO:MF,0.00397798969096436,TRUE,2,Up-regulated
response to cadmium ion,GO:BP,0.00398016277037018,TRUE,4,Up-regulated
nuclear chromosome segregation,GO:BP,0.00398016277037018,TRUE,12,Up-regulated
regulation of chemotaxis,GO:BP,0.00402080372987392,TRUE,8,Up-regulated
positive regulation of biosynthetic process,GO:BP,0.00402371097524459,TRUE,45,Up-regulated
leukocyte mediated immunity,GO:BP,0.00402371097524459,TRUE,13,Up-regulated
detection of virus,GO:BP,0.0040543978817841,TRUE,2,Up-regulated
sister chromatid segregation,GO:BP,0.00419433014523987,TRUE,10,Up-regulated
chemokine (C-X-C motif) ligand 2 production,GO:BP,0.00420686037699766,TRUE,2,Up-regulated
regulation of monocyte chemotactic protein-1 production,GO:BP,0.00420686037699766,TRUE,2,Up-regulated
monocyte chemotactic protein-1 production,GO:BP,0.00420686037699766,TRUE,2,Up-regulated
regulation of chemokine (C-X-C motif) ligand 2 production,GO:BP,0.00420686037699766,TRUE,2,Up-regulated
regulation of mitotic sister chromatid segregation,GO:BP,0.00428258362584673,TRUE,5,Up-regulated
positive regulation of mitotic cell cycle,GO:BP,0.00430429600361028,TRUE,7,Up-regulated
positive regulation of myeloid leukocyte mediated immunity,GO:BP,0.00431368700752679,TRUE,3,Up-regulated
positive regulation of chromosome separation,GO:BP,0.00431750274795604,TRUE,4,Up-regulated
cytokinesis,GO:BP,0.00431750274795604,TRUE,9,Up-regulated
positive regulation of transcription regulatory region DNA binding,GO:BP,0.00432781891914437,TRUE,3,Up-regulated
positive regulation of macromolecule biosynthetic process,GO:BP,0.00432781891914437,TRUE,39,Up-regulated
neutrophil activation,GO:BP,0.0043733576574188,TRUE,4,Up-regulated
stress response to metal ion,GO:BP,0.00456398120364936,TRUE,3,Up-regulated
chromosome localization,GO:BP,0.00463284402589663,TRUE,7,Up-regulated
negative regulation of hemopoiesis,GO:BP,0.00470346954387073,TRUE,6,Up-regulated
positive regulation of apoptotic process,GO:BP,0.00477673730856026,TRUE,16,Up-regulated
regulation of coagulation,GO:BP,0.00480891408357747,TRUE,5,Up-regulated
blood circulation,GO:BP,0.00489423866442708,TRUE,14,Up-regulated
regulation of fibroblast proliferation,GO:BP,0.0049394266723347,TRUE,6,Up-regulated
negative regulation of interleukin-8 production,GO:BP,0.0049445937101,TRUE,3,Up-regulated
cellular response to alcohol,GO:BP,0.004987190894156,TRUE,6,Up-regulated
negative regulation of cell division,GO:BP,0.0050062253632663,TRUE,3,Up-regulated
negative regulation of meiotic cell cycle,GO:BP,0.0050062253632663,TRUE,3,Up-regulated
cellular response to type II interferon,GO:BP,0.0050062253632663,TRUE,6,Up-regulated
female gamete generation,GO:BP,0.00519227739056786,TRUE,8,Up-regulated
response to angiotensin,GO:BP,0.00528165031385854,TRUE,4,Up-regulated
negative regulation of macromolecule metabolic process,GO:BP,0.00544948818600492,TRUE,50,Up-regulated
regulation of mitotic metaphase/anaphase transition,GO:BP,0.00549558442919289,TRUE,6,Up-regulated
regulation of lymphocyte chemotaxis,GO:BP,0.00556545405555365,TRUE,3,Up-regulated
host-mediated perturbation of symbiont process,GO:BP,0.0056717578361438,TRUE,6,Up-regulated
cellular response to cholesterol,GO:BP,0.0056717578361438,TRUE,3,Up-regulated
cell chemotaxis,GO:BP,0.00567765050020847,TRUE,9,Up-regulated
regulation of secretion,GO:BP,0.00568291397881305,TRUE,12,Up-regulated
detoxification of inorganic compound,GO:BP,0.00580996982476773,TRUE,3,Up-regulated
regulation of mitotic sister chromatid separation,GO:BP,0.00580996982476773,TRUE,5,Up-regulated
clustering of voltage-gated sodium channels,GO:BP,0.00586106821183947,TRUE,2,Up-regulated
host-mediated perturbation of viral genome replication,GO:BP,0.00589041139925472,TRUE,1,Up-regulated
nucleotidyltransferase activity,GO:MF,0.00592543398438565,TRUE,4,Up-regulated
regulation of cell adhesion,GO:BP,0.00596796919463537,TRUE,18,Up-regulated
type III interferon production,GO:BP,0.00596796919463537,TRUE,2,Up-regulated
regulation of type III interferon production,GO:BP,0.00596796919463537,TRUE,2,Up-regulated
regulation of type B pancreatic cell proliferation,GO:BP,0.00596796919463537,TRUE,3,Up-regulated
positive regulation of extrinsic apoptotic signaling pathway,GO:BP,0.00615685480584099,TRUE,4,Up-regulated
meiotic cell cycle,GO:BP,0.00620082921465128,TRUE,11,Up-regulated
regulation of metaphase/anaphase transition of cell cycle,GO:BP,0.00622298873291963,TRUE,6,Up-regulated
negative regulation of apoptotic process,GO:BP,0.00623953763491925,TRUE,19,Up-regulated
positive regulation of MDA-5 signaling pathway,GO:BP,0.00627415397615639,TRUE,2,Up-regulated
regulation of phosphorylation,GO:BP,0.00627415397615639,TRUE,15,Up-regulated
regulation of immune effector process,GO:BP,0.0063816711596358,TRUE,12,Up-regulated
positive regulation of cell migration,GO:BP,0.00638817523022466,TRUE,12,Up-regulated
negative regulation of cell communication,GO:BP,0.00642608437353613,TRUE,32,Up-regulated
metaphase/anaphase transition of mitotic cell cycle,GO:BP,0.0064509038104934,TRUE,6,Up-regulated
response to toxic substance,GO:BP,0.0064825884628595,TRUE,10,Up-regulated
DNA endoreduplication,GO:BP,0.00653226546738374,TRUE,2,Up-regulated
regulation of cell motility,GO:BP,0.00655600980032348,TRUE,19,Up-regulated
endocytosis,GO:BP,0.0065842666040918,TRUE,15,Up-regulated
positive regulation of glutamate receptor signaling pathway,GO:BP,0.00659510770649317,TRUE,2,Up-regulated
negative regulation of cell activation,GO:BP,0.00662164735767176,TRUE,8,Up-regulated
negative regulation of osteoclast differentiation,GO:BP,0.00662164735767176,TRUE,4,Up-regulated
positive regulation of metabolic process,GO:BP,0.00663401881494148,TRUE,59,Up-regulated
macrophage activation,GO:BP,0.00665358873351852,TRUE,6,Up-regulated
T-helper 2 cell cytokine production,GO:BP,0.00665457784239473,TRUE,2,Up-regulated
mitotic sister chromatid separation,GO:BP,0.00665457784239473,TRUE,5,Up-regulated
negative regulation of nuclear division,GO:BP,0.00665457784239473,TRUE,5,Up-regulated
mitotic metaphase chromosome alignment,GO:BP,0.00665457784239473,TRUE,5,Up-regulated
regulation of T-helper 2 cell cytokine production,GO:BP,0.00665457784239473,TRUE,2,Up-regulated
regulation of catalytic activity,GO:BP,0.00680680041246512,TRUE,16,Up-regulated
granulocyte activation,GO:BP,0.00685826757136839,TRUE,4,Up-regulated
chemokine (C-C motif) ligand 2 signaling pathway,GO:BP,0.0068904190741721,TRUE,1,Up-regulated
mitotic cell cycle checkpoint signaling,GO:BP,0.0068904190741721,TRUE,7,Up-regulated
cellular response to cadmium ion,GO:BP,0.00694464674912489,TRUE,3,Up-regulated
regulation of leukocyte activation,GO:BP,0.00694464674912489,TRUE,12,Up-regulated
regulation of extrinsic apoptotic signaling pathway,GO:BP,0.00715317238186347,TRUE,6,Up-regulated
metaphase/anaphase transition of cell cycle,GO:BP,0.00715421455747946,TRUE,6,Up-regulated
protein phosphorylation,GO:BP,0.00718624809363109,TRUE,19,Up-regulated
G1/S transition of mitotic cell cycle,GO:BP,0.00721971512730903,TRUE,9,Up-regulated
extracellular matrix disassembly,GO:BP,0.00721971512730903,TRUE,3,Up-regulated
protein binding,GO:MF,0.0072678943891921,TRUE,203,Up-regulated
negative regulation of signal transduction,GO:BP,0.00728535215465969,TRUE,30,Up-regulated
cell-cell signaling,GO:BP,0.00733683872420525,TRUE,23,Up-regulated
positive regulation of exocytosis,GO:BP,0.00758573183649232,TRUE,4,Up-regulated
extracellular matrix organization,GO:BP,0.00760408490602667,TRUE,10,Up-regulated
negative regulation of chemokine (C-C motif) ligand 5 production,GO:BP,0.00760408490602667,TRUE,2,Up-regulated
negative regulation of B cell differentiation,GO:BP,0.00768422241570461,TRUE,2,Up-regulated
response to peptide hormone,GO:BP,0.00768422241570461,TRUE,13,Up-regulated
regulation of cell migration,GO:BP,0.00768572613385674,TRUE,18,Up-regulated
Metal sequestration by antimicrobial proteins,REAC,0.00770046457845462,TRUE,3,Up-regulated
extracellular structure organization,GO:BP,0.0077038315262485,TRUE,10,Up-regulated
positive regulation of DNA replication,GO:BP,0.0077038315262485,TRUE,4,Up-regulated
regulation of cytokine production involved in immune response,GO:BP,0.00772573186349973,TRUE,6,Up-regulated
cytokine production involved in immune response,GO:BP,0.00772573186349973,TRUE,6,Up-regulated
response to metal ion,GO:BP,0.00778595957975814,TRUE,11,Up-regulated
regulation of cellular process,GO:BP,0.00778595957975814,TRUE,168,Up-regulated
external encapsulating structure organization,GO:BP,0.00779556412133385,TRUE,10,Up-regulated
negative regulation of macrophage differentiation,GO:BP,0.00794574386092723,TRUE,2,Up-regulated
negative regulation of bone remodeling,GO:BP,0.00816307243203096,TRUE,3,Up-regulated
regulation of secretion by cell,GO:BP,0.00816307243203096,TRUE,11,Up-regulated
negative regulation of osteoclast development,GO:BP,0.00816307243203096,TRUE,2,Up-regulated
phosphorylation,GO:BP,0.00816962344648271,TRUE,20,Up-regulated
carbohydrate derivative binding,GO:MF,0.00830529358875395,TRUE,46,Up-regulated
negative regulation of programmed cell death,GO:BP,0.00834642700295355,TRUE,19,Up-regulated
mitotic cytokinesis,GO:BP,0.00835712737945991,TRUE,6,Up-regulated
positive regulation of apoptotic signaling pathway,GO:BP,0.00835712737945991,TRUE,7,Up-regulated
regulation of leukocyte chemotaxis,GO:BP,0.00839602182453466,TRUE,5,Up-regulated
protein autoprocessing,GO:BP,0.0084304741085257,TRUE,2,Up-regulated
cell surface receptor signaling pathway via JAK-STAT,GO:BP,0.00847067754417015,TRUE,6,Up-regulated
regulation of chemokine (C-X-C motif) ligand 9 production,GO:BP,0.00854261207216101,TRUE,1,Up-regulated
chemokine (C-X-C motif) ligand 9 production,GO:BP,0.00854261207216101,TRUE,1,Up-regulated
negative regulation of chemokine (C-X-C motif) ligand 9 production,GO:BP,0.00854261207216101,TRUE,1,Up-regulated
positive regulation of interferon-alpha production,GO:BP,0.00854788542377147,TRUE,3,Up-regulated
single-stranded RNA binding,GO:MF,0.00857039117417068,TRUE,6,Up-regulated
import into cell,GO:BP,0.00858139054113921,TRUE,18,Up-regulated
negative regulation of endocytosis,GO:BP,0.00858139054113921,TRUE,4,Up-regulated
negative regulation of type I interferon production,GO:BP,0.00858289019668735,TRUE,4,Up-regulated
G0 and Early G1,REAC,0.00858435858089651,TRUE,5,Up-regulated
extrinsic apoptotic signaling pathway,GO:BP,0.00877781502228035,TRUE,7,Up-regulated
metaphase chromosome alignment,GO:BP,0.00885490910227291,TRUE,6,Up-regulated
RNA helicase activity,GO:MF,0.00888159203035137,TRUE,6,Up-regulated
regulation of cytoplasmic pattern recognition receptor signaling pathway,GO:BP,0.0089043603549992,TRUE,4,Up-regulated
enzyme-linked receptor protein signaling pathway,GO:BP,0.00890634548495663,TRUE,23,Up-regulated
regulation of RIG-I signaling pathway,GO:BP,0.00890634548495663,TRUE,2,Up-regulated
regulation of receptor signaling pathway via STAT,GO:BP,0.0091128538888242,TRUE,5,Up-regulated
production of molecular mediator of immune response,GO:BP,0.00918229561397435,TRUE,8,Up-regulated
regulation of multicellular organismal development,GO:BP,0.00934826909134197,TRUE,21,Up-regulated
ATP-dependent activity, acting on RNA,GO:MF,0.00944347336400146,TRUE,6,Up-regulated
peptidase activity,GO:MF,0.00944347336400146,TRUE,7,Up-regulated
peptidase activity,GO:MF,0.0216617151285061,TRUE,5,Down-regulated
intracellular transport of viral protein in host cell,GO:BP,0.00952948402366207,TRUE,1,Up-regulated
regulation of natural killer cell chemotaxis,GO:BP,0.00952948402366207,TRUE,2,Up-regulated
negative regulation of helicase activity,GO:BP,0.00952948402366207,TRUE,1,Up-regulated
symbiont intracellular protein transport in host,GO:BP,0.00952948402366207,TRUE,1,Up-regulated
regulation of myeloid dendritic cell activation,GO:BP,0.00955193169874933,TRUE,2,Up-regulated
female gonad development,GO:BP,0.00961581560436799,TRUE,6,Up-regulated
negative regulation of metabolic process,GO:BP,0.00970560481078019,TRUE,51,Up-regulated
G1/S-Specific Transcription,REAC,0.00970573684837872,TRUE,5,Up-regulated
clearance of foreign intracellular nucleic acids,GO:BP,0.00975803417468755,TRUE,2,Up-regulated
clearance of foreign intracellular DNA,GO:BP,0.00975803417468755,TRUE,2,Up-regulated
positive regulation of macromolecule metabolic process,GO:BP,0.00977921154457005,TRUE,44,Up-regulated
regulation of sterol transport,GO:BP,0.00984351523115934,TRUE,4,Up-regulated
regulation of cholesterol transport,GO:BP,0.00984351523115934,TRUE,4,Up-regulated
Respiratory Syncytial Virus Infection Pathway,REAC,0.0100578690192427,TRUE,8,Up-regulated
positive regulation of cell population proliferation,GO:BP,0.0101185998106544,TRUE,20,Up-regulated
MAPK cascade,GO:BP,0.0101185998106544,TRUE,17,Up-regulated
medium-chain fatty acid biosynthetic process,GO:BP,0.0101185998106544,TRUE,1,Up-regulated
cellular response to sterol,GO:BP,0.0101185998106544,TRUE,3,Up-regulated
cytokine receptor binding,GO:MF,0.0101804516832318,TRUE,6,Up-regulated
fatty acyl-[ACP] hydrolase activity,GO:MF,0.0102356387321517,TRUE,1,Up-regulated
Interleukin-10 signaling,REAC,0.0103417452920825,TRUE,6,Up-regulated
regulation of vesicle-mediated transport,GO:BP,0.0104799301582186,TRUE,9,Up-regulated
regulation of glutamate receptor signaling pathway,GO:BP,0.0106009932725234,TRUE,2,Up-regulated
mononuclear cell migration,GO:BP,0.0108065830794943,TRUE,7,Up-regulated
negative regulation of molecular function,GO:BP,0.0110434812367865,TRUE,10,Up-regulated
positive regulation of chemotaxis,GO:BP,0.0111195100899113,TRUE,6,Up-regulated
response to yeast,GO:BP,0.0111222469343729,TRUE,2,Up-regulated
regulation of protein phosphorylation,GO:BP,0.0111990138892545,TRUE,12,Up-regulated
development of primary female sexual characteristics,GO:BP,0.0112130750875531,TRUE,6,Up-regulated
regulation of interleukin-1 production,GO:BP,0.0114451620462314,TRUE,6,Up-regulated
interleukin-1 production,GO:BP,0.0114451620462314,TRUE,6,Up-regulated
regulation of endocytosis,GO:BP,0.0114967374458417,TRUE,8,Up-regulated
cell division,GO:BP,0.0114967374458417,TRUE,17,Up-regulated
negative regulation of natural killer cell chemotaxis,GO:BP,0.0114967374458417,TRUE,1,Up-regulated
positive regulation of mitotic sister chromatid separation,GO:BP,0.01174916330625,TRUE,3,Up-regulated
CD4-positive, alpha-beta T cell cytokine production,GO:BP,0.0118006252053023,TRUE,2,Up-regulated
acute-phase response,GO:BP,0.0118008865727742,TRUE,4,Up-regulated
regulation of cell activation,GO:BP,0.0118008865727742,TRUE,14,Up-regulated
host-mediated suppression of symbiont invasion,GO:BP,0.0118008865727742,TRUE,3,Up-regulated
cellular response to hormone stimulus,GO:BP,0.0118419079600818,TRUE,18,Up-regulated
tissue remodeling,GO:BP,0.0118669827445632,TRUE,8,Up-regulated
gland development,GO:BP,0.0119177233090396,TRUE,12,Up-regulated
viral RNA genome replication,GO:BP,0.0119802132614037,TRUE,3,Up-regulated
positive regulation of gonadotropin secretion,GO:BP,0.0120666200758642,TRUE,2,Up-regulated
angiogenesis,GO:BP,0.0120666200758642,TRUE,14,Up-regulated
regulation of follicle-stimulating hormone secretion,GO:BP,0.0120666200758642,TRUE,2,Up-regulated
regulation of hemopoiesis,GO:BP,0.0120666200758642,TRUE,11,Up-regulated
positive regulation of follicle-stimulating hormone secretion,GO:BP,0.0120666200758642,TRUE,2,Up-regulated
negative regulation of BMP signaling pathway,GO:BP,0.0121617617368514,TRUE,4,Up-regulated
type II interferon-mediated signaling pathway,GO:BP,0.0125810979347337,TRUE,3,Up-regulated
positive regulation of reproductive process,GO:BP,0.0126791071245486,TRUE,5,Up-regulated
negative regulation of leukocyte activation,GO:BP,0.0129600914074252,TRUE,7,Up-regulated
cell differentiation involved in embryonic placenta development,GO:BP,0.0130066237353394,TRUE,3,Up-regulated
positive regulation of production of molecular mediator of immune response,GO:BP,0.0131152598036399,TRUE,6,Up-regulated
mitotic sister chromatid segregation,GO:BP,0.0131152598036399,TRUE,8,Up-regulated
dUDP biosynthetic process,GO:BP,0.0131689469787964,TRUE,1,Up-regulated
pyrimidine deoxyribonucleoside diphosphate metabolic process,GO:BP,0.0131689469787964,TRUE,1,Up-regulated
pyrimidine deoxyribonucleoside diphosphate biosynthetic process,GO:BP,0.0131689469787964,TRUE,1,Up-regulated
dUDP metabolic process,GO:BP,0.0131689469787964,TRUE,1,Up-regulated
dTDP metabolic process,GO:BP,0.0131689469787964,TRUE,1,Up-regulated
dTDP biosynthetic process,GO:BP,0.0131689469787964,TRUE,1,Up-regulated
astrocyte cell migration,GO:BP,0.013220450533127,TRUE,2,Up-regulated
cell cycle G1/S phase transition,GO:BP,0.0133376653483805,TRUE,9,Up-regulated
natural killer cell chemotaxis,GO:BP,0.0134146940190709,TRUE,2,Up-regulated
regulation of protein export from nucleus,GO:BP,0.0134275199071237,TRUE,1,Up-regulated
negative regulation of protein metabolic process,GO:BP,0.0134275199071237,TRUE,13,Up-regulated
exocytosis,GO:BP,0.0134275199071237,TRUE,7,Up-regulated
cellular response to endogenous stimulus,GO:BP,0.0136081342934193,TRUE,24,Up-regulated
DNA replication origin binding,GO:MF,0.0137187745766706,TRUE,3,Up-regulated
signaling receptor regulator activity,GO:MF,0.0137187745766706,TRUE,12,Up-regulated
podocyte cell migration,GO:BP,0.0138648919055809,TRUE,2,Up-regulated
membrane organization,GO:BP,0.0139776688941665,TRUE,19,Up-regulated
CCR2 chemokine receptor binding,GO:MF,0.0141458661089058,TRUE,2,Up-regulated
circulatory system process,GO:BP,0.0141487484797491,TRUE,14,Up-regulated
spindle assembly checkpoint signaling,GO:BP,0.0143035983128175,TRUE,4,Up-regulated
mitotic spindle checkpoint signaling,GO:BP,0.0143035983128175,TRUE,4,Up-regulated
negative regulation of granulocyte differentiation,GO:BP,0.0143035983128175,TRUE,2,Up-regulated
mitotic spindle assembly checkpoint signaling,GO:BP,0.0143035983128175,TRUE,4,Up-regulated
regulation of production of molecular mediator of immune response,GO:BP,0.0143035983128175,TRUE,7,Up-regulated
regulation of protein modification process,GO:BP,0.0144686271638903,TRUE,15,Up-regulated
neutrophil migration,GO:BP,0.0145885750572006,TRUE,4,Up-regulated
regulation of heterotypic cell-cell adhesion,GO:BP,0.0146103508844708,TRUE,3,Up-regulated
localization,GO:BP,0.0146103508844708,TRUE,82,Up-regulated
symbiont entry into host cell,GO:BP,0.0146616492949272,TRUE,5,Up-regulated
regulation of nitric oxide biosynthetic process,GO:BP,0.0148576465280276,TRUE,4,Up-regulated
T cell migration,GO:BP,0.0148847516605895,TRUE,3,Up-regulated
negative regulation of tissue remodeling,GO:BP,0.0149117447726126,TRUE,3,Up-regulated
negative regulation of response to type II interferon,GO:BP,0.0149407116422739,TRUE,2,Up-regulated
regulation of DNA replication,GO:BP,0.0149407116422739,TRUE,6,Up-regulated
negative regulation of meiotic cell cycle phase transition,GO:BP,0.0149407116422739,TRUE,2,Up-regulated
negative regulation of type II interferon-mediated signaling pathway,GO:BP,0.0149407116422739,TRUE,2,Up-regulated
spindle checkpoint signaling,GO:BP,0.0149944349546062,TRUE,4,Up-regulated
DNA replication,GO:BP,0.0149944349546062,TRUE,10,Up-regulated
regulation of MDA-5 signaling pathway,GO:BP,0.0150474264724441,TRUE,2,Up-regulated
leukocyte cell-cell adhesion,GO:BP,0.0150474264724441,TRUE,12,Up-regulated
meiotic nuclear division,GO:BP,0.0150474264724441,TRUE,8,Up-regulated
helper T cell extravasation,GO:BP,0.0151835164071327,TRUE,1,Up-regulated
positive regulation of toll-like receptor 7 signaling pathway,GO:BP,0.0151835164071327,TRUE,1,Up-regulated
negative regulation of lymphocyte chemotaxis,GO:BP,0.0151835164071327,TRUE,1,Up-regulated
negative regulation of response to stimulus,GO:BP,0.0153207703513781,TRUE,34,Up-regulated
regulation of nitric oxide metabolic process,GO:BP,0.0154016956139364,TRUE,4,Up-regulated
regulation of tissue remodeling,GO:BP,0.0155421641001255,TRUE,5,Up-regulated
negative regulation of sister chromatid segregation,GO:BP,0.0156131523095371,TRUE,4,Up-regulated
reproductive process,GO:BP,0.0156131523095371,TRUE,31,Up-regulated
negative regulation of mitotic sister chromatid separation,GO:BP,0.0156131523095371,TRUE,4,Up-regulated
negative regulation of mitotic sister chromatid segregation,GO:BP,0.0156131523095371,TRUE,4,Up-regulated
protein processing,GO:BP,0.0156131523095371,TRUE,6,Up-regulated
negative regulation of membrane protein ectodomain proteolysis,GO:BP,0.0156131523095371,TRUE,2,Up-regulated
negative regulation of cytokinesis,GO:BP,0.0156131523095371,TRUE,2,Up-regulated
chorionic trophoblast cell differentiation,GO:BP,0.0156131523095371,TRUE,2,Up-regulated
negative regulation of mitotic metaphase/anaphase transition,GO:BP,0.0156131523095371,TRUE,4,Up-regulated
2'-deoxyribonucleotide biosynthetic process,GO:BP,0.0157679350128884,TRUE,2,Up-regulated
deoxyribose phosphate biosynthetic process,GO:BP,0.0157679350128884,TRUE,2,Up-regulated
deoxyribonucleotide biosynthetic process,GO:BP,0.0157679350128884,TRUE,2,Up-regulated
sexual reproduction,GO:BP,0.0157686541404759,TRUE,23,Up-regulated
response to copper ion,GO:BP,0.0157686541404759,TRUE,3,Up-regulated
response to cholesterol,GO:BP,0.0157686541404759,TRUE,3,Up-regulated
intracellular zinc ion homeostasis,GO:BP,0.0157686541404759,TRUE,3,Up-regulated
regulation of ATP-dependent activity,GO:BP,0.0160160990129071,TRUE,3,Up-regulated
regulation of leukocyte migration,GO:BP,0.0160176909744172,TRUE,7,Up-regulated
regulation of membrane repolarization during action potential,GO:BP,0.0160562207656613,TRUE,2,Up-regulated
symbiont entry into host,GO:BP,0.0160562207656613,TRUE,5,Up-regulated
neuronal ion channel clustering,GO:BP,0.0162009187491792,TRUE,2,Up-regulated
positive regulation of G2/M transition of mitotic cell cycle,GO:BP,0.0162009187491792,TRUE,3,Up-regulated
cargo receptor activity,GO:MF,0.0164202235020773,TRUE,5,Up-regulated
lamin binding,GO:MF,0.0164202235020773,TRUE,1,Up-regulated
ISG15-specific peptidase activity,GO:MF,0.0164202235020773,TRUE,1,Up-regulated
immunoglobulin receptor binding,GO:MF,0.0164202235020773,TRUE,3,Up-regulated
regulation of glial cell differentiation,GO:BP,0.0164848648831489,TRUE,4,Up-regulated
attachment of mitotic spindle microtubules to kinetochore,GO:BP,0.016564189142234,TRUE,3,Up-regulated
receptor-mediated endocytosis of virus by host cell,GO:BP,0.0166158060106098,TRUE,2,Up-regulated
positive regulation of transport,GO:BP,0.0166365542481676,TRUE,15,Up-regulated
negative regulation of tumor necrosis factor superfamily cytokine production,GO:BP,0.0166365542481676,TRUE,4,Up-regulated
positive regulation of toll-like receptor 9 signaling pathway,GO:BP,0.0166365542481676,TRUE,1,Up-regulated
negative regulation of reproductive process,GO:BP,0.0166365542481676,TRUE,4,Up-regulated
regulation of protein metabolic process,GO:BP,0.0166365542481676,TRUE,28,Up-regulated
regulation of toll-like receptor 7 signaling pathway,GO:BP,0.0166365542481676,TRUE,1,Up-regulated
negative regulation of interleukin-1-mediated signaling pathway,GO:BP,0.0166673133980997,TRUE,2,Up-regulated
regulation of transcription regulatory region DNA binding,GO:BP,0.0166726326299712,TRUE,3,Up-regulated
negative regulation of macromolecule biosynthetic process,GO:BP,0.0167276544254428,TRUE,43,Up-regulated
response to alcohol,GO:BP,0.0167276544254428,TRUE,9,Up-regulated
regulation of MAPK cascade,GO:BP,0.0167716591157573,TRUE,13,Up-regulated
PKR/eIFalpha signaling,GO:BP,0.0167716591157573,TRUE,1,Up-regulated
negative regulation of osteoblast proliferation,GO:BP,0.0167716591157573,TRUE,2,Up-regulated
regulation of cell development,GO:BP,0.0168756286001633,TRUE,16,Up-regulated
regulation of attachment of mitotic spindle microtubules to kinetochore,GO:BP,0.0168756286001633,TRUE,2,Up-regulated
negative regulation of metaphase/anaphase transition of cell cycle,GO:BP,0.0168756286001633,TRUE,4,Up-regulated
negative regulation of chromosome segregation,GO:BP,0.0168756286001633,TRUE,4,Up-regulated
nucleoside diphosphate metabolic process,GO:BP,0.0168756286001633,TRUE,5,Up-regulated
neutrophil extravasation,GO:BP,0.0168756286001633,TRUE,2,Up-regulated
negative regulation of chromosome separation,GO:BP,0.0168756286001633,TRUE,4,Up-regulated
cytokinetic process,GO:BP,0.0168795680490373,TRUE,4,Up-regulated
regulation of osteoblast differentiation,GO:BP,0.016923211362173,TRUE,6,Up-regulated
phospholipid translocation,GO:BP,0.0170377259270502,TRUE,4,Up-regulated
positive regulation of cholesterol transport,GO:BP,0.0170640845788158,TRUE,3,Up-regulated
positive regulation of sterol transport,GO:BP,0.0170640845788158,TRUE,3,Up-regulated
negative regulation of transport,GO:BP,0.0173105902037938,TRUE,11,Up-regulated
fibrinolysis,GO:BP,0.0173105902037938,TRUE,2,Up-regulated
positive regulation of leukocyte migration,GO:BP,0.0173105902037938,TRUE,5,Up-regulated
DNA cytosine deamination,GO:BP,0.0175432761551587,TRUE,2,Up-regulated
intracellular monoatomic ion homeostasis,GO:BP,0.0176892079785156,TRUE,10,Up-regulated
attachment of spindle microtubules to kinetochore,GO:BP,0.017711694747533,TRUE,4,Up-regulated
positive regulation of DNA binding,GO:BP,0.0177117913558993,TRUE,3,Up-regulated
negative regulation of leukocyte chemotaxis,GO:BP,0.0177280423341215,TRUE,2,Up-regulated
spindle organization,GO:BP,0.0177280423341215,TRUE,8,Up-regulated
lipid transporter activity,GO:MF,0.0178409729219737,TRUE,8,Up-regulated
synapse pruning,GO:BP,0.0178563260692033,TRUE,2,Up-regulated
endolysosomal toll-like receptor signaling pathway,GO:BP,0.0178563260692033,TRUE,2,Up-regulated
signal release,GO:BP,0.017888520319526,TRUE,13,Up-regulated
follicle-stimulating hormone secretion,GO:BP,0.0178939135584672,TRUE,2,Up-regulated
negative regulation of gonadotropin secretion,GO:BP,0.0178939135584672,TRUE,2,Up-regulated
regulation of leukocyte differentiation,GO:BP,0.0178939135584672,TRUE,9,Up-regulated
response to stilbenoid,GO:BP,0.0178940976336766,TRUE,1,Up-regulated
cellular response to tumor necrosis factor,GO:BP,0.0182479811714457,TRUE,8,Up-regulated
Chemokine receptors bind chemokines,REAC,0.0183219325107166,TRUE,5,Up-regulated
negative regulation of protein binding,GO:BP,0.0183509840490484,TRUE,3,Up-regulated
positive regulation of leukocyte chemotaxis,GO:BP,0.0186561048495988,TRUE,4,Up-regulated
medium-chain fatty acid metabolic process,GO:BP,0.0188747655997714,TRUE,1,Up-regulated
biofilm matrix disassembly,GO:BP,0.0188747655997714,TRUE,1,Up-regulated
biofilm matrix organization,GO:BP,0.0188747655997714,TRUE,1,Up-regulated
negative regulation of intracellular sterol transport,GO:BP,0.0188747655997714,TRUE,1,Up-regulated
negative regulation of intracellular lipid transport,GO:BP,0.0188747655997714,TRUE,1,Up-regulated
negative regulation of receptor-mediated endocytosis involved in cholesterol transport,GO:BP,0.0188747655997714,TRUE,1,Up-regulated
negative regulation of intracellular cholesterol transport,GO:BP,0.0188747655997714,TRUE,1,Up-regulated
protein export from nucleus,GO:BP,0.0190119692287571,TRUE,1,Up-regulated
regulation of DNA binding,GO:BP,0.0190119692287571,TRUE,4,Up-regulated
negative regulation of ATP-dependent activity,GO:BP,0.0190119692287571,TRUE,2,Up-regulated
positive regulation of neutrophil mediated killing of fungus,GO:BP,0.0190119692287571,TRUE,1,Up-regulated
regulation of neutrophil mediated killing of fungus,GO:BP,0.0190119692287571,TRUE,1,Up-regulated
plasma membrane phospholipid scrambling,GO:BP,0.0190119692287571,TRUE,3,Up-regulated
actomyosin contractile ring assembly,GO:BP,0.0191124080765516,TRUE,2,Up-regulated
assembly of actomyosin apparatus involved in cytokinesis,GO:BP,0.0191124080765516,TRUE,2,Up-regulated
regulation of filopodium assembly,GO:BP,0.0191124080765516,TRUE,3,Up-regulated
response to hormone,GO:BP,0.0192540439479118,TRUE,21,Up-regulated
bone mineralization involved in bone maturation,GO:BP,0.0192721606023208,TRUE,2,Up-regulated
phagocytosis,GO:BP,0.0193779997192951,TRUE,7,Up-regulated
ovarian follicle development,GO:BP,0.0193779997192951,TRUE,4,Up-regulated
positive regulation of mononuclear cell migration,GO:BP,0.0193779997192951,TRUE,4,Up-regulated
negative regulation of B cell activation,GO:BP,0.0193779997192951,TRUE,3,Up-regulated
regulation of bone remodeling,GO:BP,0.0193779997192951,TRUE,4,Up-regulated
T cell chemotaxis,GO:BP,0.0193779997192951,TRUE,2,Up-regulated
positive regulation of cell cycle G2/M phase transition,GO:BP,0.0193779997192951,TRUE,3,Up-regulated
positive regulation of T-helper 2 cell cytokine production,GO:BP,0.0193779997192951,TRUE,1,Up-regulated
female sex differentiation,GO:BP,0.0193779997192951,TRUE,6,Up-regulated
positive regulation of peptidyl-serine phosphorylation,GO:BP,0.0194334956023473,TRUE,2,Up-regulated
signaling receptor inhibitor activity,GO:MF,0.0195840569053589,TRUE,2,Up-regulated
phospholipid transporter activity,GO:MF,0.0195840569053589,TRUE,5,Up-regulated
cytolysis,GO:BP,0.0196462063538522,TRUE,2,Up-regulated
positive regulation of protein oligomerization,GO:BP,0.0196462063538522,TRUE,1,Up-regulated
cellular response to interferon-beta,GO:BP,0.0196462063538522,TRUE,2,Up-regulated
cytoskeleton-dependent cytokinesis,GO:BP,0.0197243947388113,TRUE,6,Up-regulated
positive regulation of flagellated sperm motility involved in capacitation,GO:BP,0.019888169994473,TRUE,1,Up-regulated
structural constituent of skin epidermis,GO:MF,0.0199638712317835,TRUE,2,Down-regulated
ferritin receptor activity,GO:MF,0.0199638712317835,TRUE,1,Down-regulated
sodium,bicarbonate:chloride antiporter activity,GO:MF,0.0199638712317835,TRUE,1,Down-regulated
microtubule cytoskeleton organization involved in mitosis,GO:BP,0.0202895609013306,TRUE,7,Up-regulated
deoxyribonucleoside diphosphate biosynthetic process,GO:BP,0.0202895609013306,TRUE,1,Up-regulated
dTTP metabolic process,GO:BP,0.0202895609013306,TRUE,1,Up-regulated
endocytosis involved in viral entry into host cell,GO:BP,0.0202895609013306,TRUE,2,Up-regulated
pyrimidine deoxyribonucleoside triphosphate biosynthetic process,GO:BP,0.0202895609013306,TRUE,1,Up-regulated
dTTP biosynthetic process,GO:BP,0.0202895609013306,TRUE,1,Up-regulated
neutrophil degranulation,GO:BP,0.0202895609013306,TRUE,2,Up-regulated
positive regulation of calcium ion transport,GO:BP,0.0203235715787215,TRUE,3,Up-regulated
maintenance of cell number,GO:BP,0.0204979453142884,TRUE,6,Up-regulated
regulation of response to wounding,GO:BP,0.0204979453142884,TRUE,6,Up-regulated
myeloid dendritic cell activation,GO:BP,0.0206194666099639,TRUE,3,Up-regulated
melanocyte apoptotic process,GO:BP,0.0206723126867316,TRUE,1,Up-regulated
negative regulation of vascular endothelial cell proliferation,GO:BP,0.0206723126867316,TRUE,1,Up-regulated
positive regulation of cytokine production involved in immune response,GO:BP,0.0207303301621832,TRUE,4,Up-regulated
cell surface receptor protein serine/threonine kinase signaling pathway,GO:BP,0.0207303301621832,TRUE,11,Up-regulated
positive regulation of endocytosis,GO:BP,0.0208160275814358,TRUE,3,Up-regulated
negative regulation of lymphocyte activation,GO:BP,0.0208960405087242,TRUE,6,Up-regulated
lipid translocation,GO:BP,0.0210604153725533,TRUE,4,Up-regulated
regulation of cellular component organization,GO:BP,0.0212542732786359,TRUE,33,Up-regulated
negative regulation of secretion by cell,GO:BP,0.0213602099767565,TRUE,6,Up-regulated
negative regulation of epithelial cell proliferation,GO:BP,0.0215411055642398,TRUE,6,Up-regulated
symbiont-mediated induction of syncytium formation,GO:BP,0.021551821672745,TRUE,1,Up-regulated
bicarbonate:monoatomic anion antiporter activity,GO:MF,0.0216617151285061,TRUE,1,Down-regulated
monoatomic cation:bicarbonate symporter activity,GO:MF,0.0216617151285061,TRUE,1,Down-regulated
sodium:bicarbonate symporter activity,GO:MF,0.0216617151285061,TRUE,1,Down-regulated
chloride:bicarbonate antiporter activity,GO:MF,0.0216617151285061,TRUE,1,Down-regulated
potassium channel activator activity,GO:MF,0.0216617151285061,TRUE,1,Down-regulated
response to sterol,GO:BP,0.0217329633141909,TRUE,3,Up-regulated
cellular response to prostaglandin D stimulus,GO:BP,0.0217329633141909,TRUE,1,Up-regulated
response to prostaglandin D,GO:BP,0.0217329633141909,TRUE,1,Up-regulated
negative regulation of mitotic nuclear division,GO:BP,0.0217833701794545,TRUE,4,Up-regulated
host-mediated perturbation of viral process,GO:BP,0.0219852353177315,TRUE,1,Up-regulated
negative regulation of developmental process,GO:BP,0.0220373464682112,TRUE,16,Up-regulated
actomyosin contractile ring organization,GO:BP,0.0220451079371649,TRUE,2,Up-regulated
regulation of generation of precursor metabolites and energy,GO:BP,0.0220451079371649,TRUE,6,Up-regulated
gonad development,GO:BP,0.0221946995296894,TRUE,8,Up-regulated
synaptic vesicle cycle,GO:BP,0.0223939531416873,TRUE,5,Up-regulated
response to endogenous stimulus,GO:BP,0.0224445277190132,TRUE,26,Up-regulated
negative regulation of biosynthetic process,GO:BP,0.0225787364362165,TRUE,43,Up-regulated
channel activator activity,GO:MF,0.0226898568153302,TRUE,1,Down-regulated
blood coagulation,GO:BP,0.0228834186138608,TRUE,7,Up-regulated
positive regulation of cell adhesion,GO:BP,0.0229848649745997,TRUE,11,Up-regulated
type B pancreatic cell proliferation,GO:BP,0.0229848649745997,TRUE,3,Up-regulated
positive regulation of mitotic sister chromatid segregation,GO:BP,0.0229848649745997,TRUE,2,Up-regulated
peptidyl-tyrosine modification,GO:BP,0.0229848649745997,TRUE,6,Up-regulated
negative regulation of single stranded viral RNA replication via double stranded DNA intermediate,GO:BP,0.0230294172547435,TRUE,2,Up-regulated
regulation of B cell differentiation,GO:BP,0.0231270642716704,TRUE,3,Up-regulated
positive regulation of intracellular signal transduction,GO:BP,0.0232368464623145,TRUE,23,Up-regulated
toll-like receptor 7 signaling pathway,GO:BP,0.023686181508396,TRUE,1,Up-regulated
chemokine (C-C motif) ligand 5 production,GO:BP,0.0238564024363713,TRUE,2,Up-regulated
regulation of chemokine (C-C motif) ligand 5 production,GO:BP,0.0238564024363713,TRUE,2,Up-regulated
negative regulation of cell adhesion,GO:BP,0.0239993238477206,TRUE,9,Up-regulated
nicotinamide metabolic process,GO:BP,0.0241452450662207,TRUE,1,Up-regulated
vesicle-mediated transport,GO:BP,0.0242436437378067,TRUE,16,Up-regulated
regulation of receptor signaling pathway via JAK-STAT,GO:BP,0.0244875195866561,TRUE,4,Up-regulated
development of primary sexual characteristics,GO:BP,0.0245553508455193,TRUE,8,Up-regulated
regulation by virus of viral protein levels in host cell,GO:BP,0.0245553508455193,TRUE,1,Up-regulated
hemoglobin binding,GO:MF,0.0245810136494659,TRUE,2,Up-regulated
phospholipid scramblase activity,GO:MF,0.0245810136494659,TRUE,3,Up-regulated
CXCR chemokine receptor binding,GO:MF,0.0245810136494659,TRUE,2,Up-regulated
heterotypic cell-cell adhesion,GO:BP,0.0247816351405945,TRUE,4,Up-regulated
regulation of wound healing,GO:BP,0.0248309890563341,TRUE,5,Up-regulated
coagulation,GO:BP,0.0248793261338889,TRUE,7,Up-regulated
cell-cell junction maintenance,GO:BP,0.024900851835871,TRUE,2,Up-regulated
negative regulation of MAPK cascade,GO:BP,0.024900851835871,TRUE,6,Up-regulated
positive regulation of low-density lipoprotein particle receptor catabolic process,GO:BP,0.024900851835871,TRUE,1,Up-regulated
regulation of toll-like receptor 9 signaling pathway,GO:BP,0.0250986128701442,TRUE,1,Up-regulated
chorion development,GO:BP,0.0253347050485703,TRUE,2,Up-regulated
regulation of type 2 immune response,GO:BP,0.0254045187839079,TRUE,2,Up-regulated
germline cell cycle switching, mitotic to meiotic cell cycle,GO:BP,0.0255464888256039,TRUE,1,Up-regulated
prostaglandin F receptor activity,GO:MF,0.0255821313985531,TRUE,1,Up-regulated
muscle structure development,GO:BP,0.02558424818304,TRUE,16,Up-regulated
interleukin-1-mediated signaling pathway,GO:BP,0.02558424818304,TRUE,3,Up-regulated
cell-cell adhesion,GO:BP,0.02558424818304,TRUE,20,Up-regulated
regulation of epithelial cell proliferation,GO:BP,0.02558424818304,TRUE,9,Up-regulated
hemostasis,GO:BP,0.02558424818304,TRUE,7,Up-regulated
mitotic spindle organization,GO:BP,0.0258220422412344,TRUE,6,Up-regulated
positive regulation of release of sequestered calcium ion into cytosol,GO:BP,0.0260000083357295,TRUE,2,Up-regulated
nitric oxide biosynthetic process,GO:BP,0.0261537009751125,TRUE,4,Up-regulated
cytidine to uridine editing,GO:BP,0.0261927534138767,TRUE,2,Up-regulated
response to tumor necrosis factor,GO:BP,0.0261927534138767,TRUE,8,Up-regulated
positive regulation of monocyte chemotaxis,GO:BP,0.0261927534138767,TRUE,2,Up-regulated
regulation of membrane lipid distribution,GO:BP,0.0261927534138767,TRUE,4,Up-regulated
negative regulation of phagocytosis,GO:BP,0.0267292047887459,TRUE,2,Up-regulated
vasculature development,GO:BP,0.026857689506478,TRUE,16,Up-regulated
negative regulation of chemotaxis,GO:BP,0.026887888936205,TRUE,3,Up-regulated
protein K48-linked ubiquitination,GO:BP,0.026887888936205,TRUE,1,Up-regulated
regulation of phosphorus metabolic process,GO:BP,0.0269669031902986,TRUE,16,Up-regulated
hemoglobin metabolic process,GO:BP,0.0269669031902986,TRUE,2,Up-regulated
negative regulation of nitric oxide biosynthetic process,GO:BP,0.0270630565610656,TRUE,2,Up-regulated
hematopoietic stem cell differentiation,GO:BP,0.0271346202224115,TRUE,3,Up-regulated
pyrimidine deoxyribonucleoside triphosphate metabolic process,GO:BP,0.02714367828751,TRUE,1,Up-regulated
lipid transport,GO:BP,0.02714367828751,TRUE,10,Up-regulated
detoxification of copper ion,GO:BP,0.0273003606805031,TRUE,2,Up-regulated
stress response to copper ion,GO:BP,0.0273003606805031,TRUE,2,Up-regulated
regulation of cell-cell adhesion involved in gastrulation,GO:BP,0.0273277150604507,TRUE,2,Up-regulated
negative regulation of heterotypic cell-cell adhesion,GO:BP,0.0273277150604507,TRUE,2,Up-regulated
cell cycle comprising mitosis without cytokinesis,GO:BP,0.0274979941553419,TRUE,1,Up-regulated
complement activation, classical pathway,GO:BP,0.0274979941553419,TRUE,2,Up-regulated
regulation of ERK1 and ERK2 cascade,GO:BP,0.02754127772641,TRUE,8,Up-regulated
receptor-mediated endocytosis,GO:BP,0.0279491321127784,TRUE,4,Up-regulated
negative regulation of tumor necrosis factor (ligand) superfamily member 11 production,GO:BP,0.0279491321127784,TRUE,1,Up-regulated
positive regulation of fibroblast apoptotic process,GO:BP,0.0280429917816978,TRUE,2,Up-regulated
regulation of programmed necrotic cell death,GO:BP,0.0281255737409689,TRUE,3,Up-regulated
regulation of gonadotropin secretion,GO:BP,0.0281397088931868,TRUE,2,Up-regulated
positive regulation of acute inflammatory response,GO:BP,0.0281397088931868,TRUE,2,Up-regulated
dTMP kinase activity,GO:MF,0.0283174226029252,TRUE,1,Up-regulated
phospholipid transport,GO:BP,0.0284951325209427,TRUE,5,Up-regulated
metal ion transmembrane transporter activity,GO:MF,0.0285432254250753,TRUE,2,Down-regulated
lymphocyte migration,GO:BP,0.0286299812512115,TRUE,4,Up-regulated
intramembrane lipid transporter activity,GO:MF,0.0290359044375662,TRUE,4,Up-regulated
nitric-oxide synthase regulator activity,GO:MF,0.0290359044375662,TRUE,2,Up-regulated
gastrulation,GO:BP,0.0290652974973788,TRUE,7,Up-regulated
positive regulation of apoptotic cell clearance,GO:BP,0.0290652974973788,TRUE,1,Up-regulated
protein catabolic process,GO:BP,0.0290652974973788,TRUE,7,Up-regulated
blood vessel morphogenesis,GO:BP,0.02921497626443,TRUE,14,Up-regulated
epithelial cell proliferation,GO:BP,0.029372434420675,TRUE,10,Up-regulated
DNA deamination,GO:BP,0.0294436715608866,TRUE,2,Up-regulated
regulation of lactation,GO:BP,0.0294436715608866,TRUE,1,Up-regulated
positive regulation of cell junction assembly,GO:BP,0.0295156572384313,TRUE,4,Up-regulated
androst-4-ene-3,17-dione biosynthetic process,GO:BP,0.0295929225229604,TRUE,1,Up-regulated
protein localization to condensed chromosome,GO:BP,0.0295929225229604,TRUE,2,Up-regulated
protein localization to kinetochore,GO:BP,0.0295929225229604,TRUE,2,Up-regulated
negative regulation of complement activation, lectin pathway,GO:BP,0.0297222374945646,TRUE,1,Up-regulated
regulation of complement activation, lectin pathway,GO:BP,0.0297222374945646,TRUE,1,Up-regulated
regulation of nucleocytoplasmic transport,GO:BP,0.0297226819579201,TRUE,1,Up-regulated
regulation of protein oligomerization,GO:BP,0.0298702297573346,TRUE,1,Up-regulated
detoxification,GO:BP,0.0300560614925602,TRUE,5,Up-regulated
negative regulation of cell-cell adhesion,GO:BP,0.0301021929401038,TRUE,7,Up-regulated
pyrimidine nucleoside diphosphate biosynthetic process,GO:BP,0.0301922500927948,TRUE,1,Up-regulated
pyrimidine deoxyribonucleotide biosynthetic process,GO:BP,0.0301922500927948,TRUE,1,Up-regulated
myoblast differentiation,GO:BP,0.0301922500927948,TRUE,4,Up-regulated
positive regulation of viral process,GO:BP,0.0303398088951238,TRUE,2,Up-regulated
neutrophil-mediated killing of gram-positive bacterium,GO:BP,0.0303398088951238,TRUE,1,Up-regulated
pronuclear fusion,GO:BP,0.0303398088951238,TRUE,1,Up-regulated
karyogamy,GO:BP,0.0303398088951238,TRUE,1,Up-regulated
lipid binding,GO:MF,0.0304091171179045,TRUE,21,Up-regulated
hydrogen peroxide catabolic process,GO:BP,0.0304536082335881,TRUE,3,Up-regulated
positive regulation of neutrophil mediated cytotoxicity,GO:BP,0.0306202620948635,TRUE,1,Up-regulated
negative regulation of hormone secretion,GO:BP,0.0306202620948635,TRUE,4,Up-regulated
positive regulation of calcium ion transmembrane transport,GO:BP,0.0306202620948635,TRUE,3,Up-regulated
positive regulation of neutrophil mediated killing of symbiont cell,GO:BP,0.0306202620948635,TRUE,1,Up-regulated
transporter activator activity,GO:MF,0.0306692098342204,TRUE,1,Down-regulated
cell cycle switching, mitotic to meiotic cell cycle,GO:BP,0.0309961611838184,TRUE,1,Up-regulated
cell cycle switching,GO:BP,0.0309961611838184,TRUE,1,Up-regulated
regulation of peptidyl-serine phosphorylation,GO:BP,0.0310497564290442,TRUE,2,Up-regulated
transferase activity, transferring phosphorus-containing groups,GO:MF,0.0310721652209758,TRUE,7,Up-regulated
negative regulation of cellular component organization,GO:BP,0.0310735765479953,TRUE,13,Up-regulated
regulation of metaphase plate congression,GO:BP,0.0311294461970767,TRUE,2,Up-regulated
cell-cell adhesion involved in gastrulation,GO:BP,0.0311294461970767,TRUE,2,Up-regulated
positive regulation of synaptic assembly at neuromuscular junction,GO:BP,0.0311294461970767,TRUE,1,Up-regulated
positive regulation of type 2 immune response,GO:BP,0.0312001118673858,TRUE,1,Up-regulated
negative regulation of oligodendrocyte differentiation,GO:BP,0.0312001118673858,TRUE,1,Up-regulated
synaptic vesicle budding from presynaptic endocytic zone membrane,GO:BP,0.0312746819329985,TRUE,2,Up-regulated
regulation of osteoclast development,GO:BP,0.0312896203006143,TRUE,2,Up-regulated
regulation of T cell cytokine production,GO:BP,0.0313092955759355,TRUE,2,Up-regulated
T cell cytokine production,GO:BP,0.0313092955759355,TRUE,2,Up-regulated
regulation of phagocytosis,GO:BP,0.0314044642635262,TRUE,4,Up-regulated
positive regulation of microglial cell activation,GO:BP,0.0314474042239982,TRUE,1,Up-regulated
positive regulation of osteoblast differentiation,GO:BP,0.0315177265469025,TRUE,4,Up-regulated
stromal-epithelial cell signaling involved in prostate gland development,GO:BP,0.0315685906289345,TRUE,1,Up-regulated
axon target recognition,GO:BP,0.0315685906289345,TRUE,1,Up-regulated
convergent extension involved in somitogenesis,GO:BP,0.0315685906289345,TRUE,1,Up-regulated
nitric oxide metabolic process,GO:BP,0.0315685906289345,TRUE,4,Up-regulated
macrophage differentiation,GO:BP,0.0318489760475908,TRUE,3,Up-regulated
pattern recognition receptor activity,GO:MF,0.0319008074061409,TRUE,4,Up-regulated
NAD+-protein mono-ADP-ribosyltransferase activity,GO:MF,0.0319309000291727,TRUE,3,Up-regulated
CD4 receptor binding,GO:MF,0.0319309000291727,TRUE,2,Up-regulated
negative regulation of RNA biosynthetic process,GO:BP,0.0319493491026897,TRUE,23,Up-regulated
transforming growth factor beta receptor superfamily signaling pathway,GO:BP,0.0319861382730815,TRUE,10,Up-regulated
positive regulation of osteoblast proliferation,GO:BP,0.0320626042297233,TRUE,2,Up-regulated
positive regulation of trophectodermal cell proliferation,GO:BP,0.0322575987661245,TRUE,1,Up-regulated
negative regulation of oocyte development,GO:BP,0.0322575987661245,TRUE,1,Up-regulated
regulation of trophectodermal cell proliferation,GO:BP,0.0322575987661245,TRUE,1,Up-regulated
negative regulation of release of cytochrome c from mitochondria,GO:BP,0.0323101996533992,TRUE,2,Up-regulated
hypochlorous acid biosynthetic process,GO:BP,0.0324176494450903,TRUE,1,Up-regulated
lipid localization,GO:BP,0.032473445084124,TRUE,10,Up-regulated
mitotic spindle midzone assembly,GO:BP,0.0325160731607994,TRUE,2,Up-regulated
reactive nitrogen species metabolic process,GO:BP,0.0325160731607994,TRUE,4,Up-regulated
negative regulation of secretion,GO:BP,0.0326955453027568,TRUE,6,Up-regulated
DNA replication initiation,GO:BP,0.0328708060300841,TRUE,3,Up-regulated
interleukin-8 production,GO:BP,0.0328708060300841,TRUE,4,Up-regulated
regulation of interleukin-8 production,GO:BP,0.0328708060300841,TRUE,4,Up-regulated
negative regulation of fibroblast proliferation,GO:BP,0.0329204102278161,TRUE,3,Up-regulated
positive regulation of heterotypic cell-cell adhesion,GO:BP,0.0329204102278161,TRUE,2,Up-regulated
positive regulation of MHC class II biosynthetic process,GO:BP,0.0329204102278161,TRUE,2,Up-regulated
regulation of neuroinflammatory response,GO:BP,0.0329204102278161,TRUE,3,Up-regulated
negative regulation of inward rectifier potassium channel activity,GO:BP,0.0330323586217297,TRUE,1,Up-regulated
negative regulation of glial cell apoptotic process,GO:BP,0.0330323586217297,TRUE,1,Up-regulated
regulation of apoptotic cell clearance,GO:BP,0.0330323586217297,TRUE,1,Up-regulated
regulation of collagen catabolic process,GO:BP,0.0330323586217297,TRUE,1,Up-regulated
urea cycle,GO:BP,0.0330323586217297,TRUE,2,Up-regulated
negative regulation of extracellular matrix disassembly,GO:BP,0.0330323586217297,TRUE,1,Up-regulated
negative regulation of cell proliferation involved in contact inhibition,GO:BP,0.0330323586217297,TRUE,1,Up-regulated
regulation of lymphocyte activation,GO:BP,0.0330375780715724,TRUE,9,Up-regulated
peptidyl-tyrosine phosphorylation,GO:BP,0.0332125542762145,TRUE,5,Up-regulated
manganese ion export across plasma membrane,GO:BP,0.0332256535112934,TRUE,1,Up-regulated
regulation of vascular permeability,GO:BP,0.0333022158750637,TRUE,3,Up-regulated
Alpha-defensins,REAC,0.0334998088877449,TRUE,2,Up-regulated
Staphylococcus aureus infection,KEGG,0.0336319561521873,TRUE,6,Up-regulated
NOD-like receptor signaling pathway,KEGG,0.0336319561521873,TRUE,6,Up-regulated
TRAF3-dependent IRF activation pathway,REAC,0.0337337449314129,TRUE,3,Up-regulated
type 2 immune response,GO:BP,0.0338132544644202,TRUE,3,Up-regulated
transport,GO:BP,0.0338819724384372,TRUE,69,Up-regulated
negative regulation of anoikis,GO:BP,0.0340635302346227,TRUE,2,Up-regulated
leukocyte mediated cytotoxicity,GO:BP,0.0340811740024069,TRUE,5,Up-regulated
toll-like receptor 9 signaling pathway,GO:BP,0.0342862674609297,TRUE,1,Up-regulated
symbiont-mediated perturbation of host process,GO:BP,0.0344448345316879,TRUE,1,Up-regulated
symbiont-mediated perturbation of host cellular process,GO:BP,0.0344448345316879,TRUE,1,Up-regulated
CH domain binding,GO:MF,0.0344481268706071,TRUE,1,Up-regulated
NAD+ poly-ADP-ribosyltransferase activity,GO:MF,0.0344481268706071,TRUE,3,Up-regulated
UMP kinase activity,GO:MF,0.0344481268706071,TRUE,1,Up-regulated
vesicle-mediated transport in synapse,GO:BP,0.0344834441312003,TRUE,5,Up-regulated
regulation of intracellular protein transport,GO:BP,0.0344834441312003,TRUE,1,Up-regulated
transporter regulator activity,GO:MF,0.0345205921107281,TRUE,2,Down-regulated
solute:inorganic anion antiporter activity,GO:MF,0.0345205921107281,TRUE,1,Down-regulated
monoatomic cation transmembrane transporter activity,GO:MF,0.0345205921107281,TRUE,2,Down-regulated
voltage-gated channel activity,GO:MF,0.0345205921107281,TRUE,2,Down-regulated
ion channel regulator activity,GO:MF,0.0345205921107281,TRUE,2,Down-regulated
metal cation:monoatomic cation antiporter activity,GO:MF,0.0345205921107281,TRUE,1,Down-regulated
voltage-gated monoatomic ion channel activity,GO:MF,0.0345205921107281,TRUE,2,Down-regulated
voltage-gated monoatomic cation channel activity,GO:MF,0.0345205921107281,TRUE,2,Down-regulated
insulin-like growth factor II binding,GO:MF,0.0345205921107281,TRUE,1,Down-regulated
MHC class II receptor activity,GO:MF,0.0345205921107281,TRUE,1,Down-regulated
bicarbonate transmembrane transporter activity,GO:MF,0.0345205921107281,TRUE,1,Down-regulated
channel regulator activity,GO:MF,0.0345205921107281,TRUE,2,Down-regulated
negative regulation of receptor recycling,GO:BP,0.0346071465879253,TRUE,1,Up-regulated
peptide secretion,GO:BP,0.0346071465879253,TRUE,8,Up-regulated
receptor-mediated endocytosis involved in cholesterol transport,GO:BP,0.0346071465879253,TRUE,1,Up-regulated
positive regulation of toll-like receptor 4 signaling pathway,GO:BP,0.0346071465879253,TRUE,2,Up-regulated
regulation of angiogenesis,GO:BP,0.0346071465879253,TRUE,8,Up-regulated
negative regulation of asymmetric cell division,GO:BP,0.0346609331923066,TRUE,1,Up-regulated
intracellular monoatomic cation homeostasis,GO:BP,0.0348050194623193,TRUE,9,Up-regulated
regulation of glial cell apoptotic process,GO:BP,0.0353893245366006,TRUE,1,Up-regulated
Attachment and Entry,REAC,0.0354943737123406,TRUE,3,Up-regulated
virion binding,GO:MF,0.0357919510867179,TRUE,1,Up-regulated
regulation of granulocyte differentiation,GO:BP,0.0358859610118698,TRUE,2,Up-regulated
extraembryonic membrane development,GO:BP,0.0358859610118698,TRUE,2,Up-regulated
regulation of cell-cell adhesion,GO:BP,0.0358877633086815,TRUE,12,Up-regulated
regulation of intracellular signal transduction,GO:BP,0.0359300309862622,TRUE,34,Up-regulated
protein localization to meiotic spindle midzone,GO:BP,0.0359300309862622,TRUE,1,Up-regulated
protein localization to meiotic spindle,GO:BP,0.0359300309862622,TRUE,1,Up-regulated
blood vessel development,GO:BP,0.0362340196869799,TRUE,15,Up-regulated
fibronectin fibril organization,GO:BP,0.036460083562274,TRUE,1,Up-regulated
liver development,GO:BP,0.0366039321377722,TRUE,5,Up-regulated
mitotic spindle elongation,GO:BP,0.0366039321377722,TRUE,2,Up-regulated
urea metabolic process,GO:BP,0.0367850329789618,TRUE,2,Up-regulated
filopodium assembly,GO:BP,0.0372409607487141,TRUE,3,Up-regulated
monoatomic cation homeostasis,GO:BP,0.0373121344530907,TRUE,10,Up-regulated
regulation of peptidyl-tyrosine phosphorylation,GO:BP,0.0373121344530907,TRUE,4,Up-regulated
regulation of morphogenesis of an epithelium,GO:BP,0.0373121344530907,TRUE,3,Up-regulated
nuclear export,GO:BP,0.0374945876831487,TRUE,1,Up-regulated
biosynthetic process of antibacterial peptides active against Gram-negative bacteria,GO:BP,0.0374945876831487,TRUE,1,Up-regulated
regulation of stress-activated MAPK cascade,GO:BP,0.0376328810696366,TRUE,2,Up-regulated
multivesicular body-lysosome fusion,GO:BP,0.0377153882071257,TRUE,2,Up-regulated
cellular response to prostaglandin stimulus,GO:BP,0.0377685414042671,TRUE,2,Up-regulated
negative regulation of blood coagulation,GO:BP,0.0377692120844717,TRUE,3,Up-regulated
pyrimidine nucleoside diphosphate metabolic process,GO:BP,0.0380411281791288,TRUE,1,Up-regulated
regulation of vasculature development,GO:BP,0.0383556393436347,TRUE,8,Up-regulated
regulation of neurotransmitter secretion,GO:BP,0.0384521643389793,TRUE,1,Up-regulated
regulation of myeloid leukocyte mediated immunity,GO:BP,0.0386811964682517,TRUE,3,Up-regulated
macromolecule catabolic process,GO:BP,0.0386841058453541,TRUE,8,Up-regulated
leukocyte differentiation,GO:BP,0.0387484150956649,TRUE,10,Up-regulated
melanocyte proliferation,GO:BP,0.0388471289027577,TRUE,1,Up-regulated
adhesion of symbiont to host,GO:BP,0.0388471289027577,TRUE,2,Up-regulated
regulation of protein transport,GO:BP,0.0388535666591414,TRUE,2,Up-regulated
regulation of monocyte chemotaxis,GO:BP,0.0388535666591414,TRUE,2,Up-regulated
mitotic cytokinetic process,GO:BP,0.0388681082124597,TRUE,3,Up-regulated
synaptic vesicle budding,GO:BP,0.0390993082378625,TRUE,2,Up-regulated
DNA integrity checkpoint signaling,GO:BP,0.0391272448682231,TRUE,5,Up-regulated
dorsal spinal cord development,GO:BP,0.0391331538527008,TRUE,1,Up-regulated
positive regulation of acute inflammatory response to non-antigenic stimulus,GO:BP,0.0391331538527008,TRUE,1,Up-regulated
hepaticobiliary system development,GO:BP,0.0391331538527008,TRUE,5,Up-regulated
establishment of localization,GO:BP,0.0391331538527008,TRUE,70,Up-regulated
regulation of low-density lipoprotein particle receptor catabolic process,GO:BP,0.0391331538527008,TRUE,1,Up-regulated
negative regulation of hemostasis,GO:BP,0.0391331538527008,TRUE,3,Up-regulated
low-density lipoprotein particle receptor catabolic process,GO:BP,0.0391331538527008,TRUE,1,Up-regulated
regulation of acute inflammatory response to non-antigenic stimulus,GO:BP,0.0391331538527008,TRUE,1,Up-regulated
modification-dependent protein catabolic process,GO:BP,0.0391331538527008,TRUE,4,Up-regulated
acute inflammatory response to non-antigenic stimulus,GO:BP,0.0391331538527008,TRUE,1,Up-regulated
low-density lipoprotein receptor particle metabolic process,GO:BP,0.0391331538527008,TRUE,1,Up-regulated
positive regulation of binding,GO:BP,0.0391331538527008,TRUE,4,Up-regulated
establishment of localization in cell,GO:BP,0.0391331538527008,TRUE,2,Up-regulated
synaptic vesicle endocytosis,GO:BP,0.0391331538527008,TRUE,2,Up-regulated
Negative regulators of DDX58/IFIH1 signaling,REAC,0.0393254269291366,TRUE,4,Up-regulated
hepatocyte differentiation,GO:BP,0.0393475002775894,TRUE,2,Up-regulated
negative regulation of mitochondrial depolarization,GO:BP,0.0394204633574642,TRUE,1,Up-regulated
protein heterotrimerization,GO:BP,0.0395166220108223,TRUE,1,Up-regulated
regulation of neutrophil mediated killing of symbiont cell,GO:BP,0.0395301251020647,TRUE,1,Up-regulated
positive regulation of killing of cells of another organism,GO:BP,0.0395301251020647,TRUE,1,Up-regulated
modification-dependent macromolecule catabolic process,GO:BP,0.0395814351889,TRUE,4,Up-regulated
membrane protein ectodomain proteolysis,GO:BP,0.0395814351889,TRUE,3,Up-regulated
humoral immune response mediated by circulating immunoglobulin,GO:BP,0.0397371723893756,TRUE,2,Up-regulated
regulation of stress-activated protein kinase signaling cascade,GO:BP,0.0397371723893756,TRUE,2,Up-regulated
negative regulation of chronic inflammatory response to antigenic stimulus,GO:BP,0.039850281947089,TRUE,1,Up-regulated
regulation of apoptotic signaling pathway,GO:BP,0.0399081682205532,TRUE,10,Up-regulated
bone mineralization,GO:BP,0.0400082742946573,TRUE,5,Up-regulated
mitotic DNA replication preinitiation complex assembly,GO:BP,0.0401450110228481,TRUE,1,Up-regulated
neutrophil activation involved in immune response,GO:BP,0.040416980584195,TRUE,2,Up-regulated
regulation of body fluid levels,GO:BP,0.040556015118235,TRUE,6,Up-regulated
monoatomic ion homeostasis,GO:BP,0.040556015118235,TRUE,10,Up-regulated
blood vessel remodeling,GO:BP,0.040556015118235,TRUE,3,Up-regulated
inorganic ion homeostasis,GO:BP,0.0409724868318798,TRUE,9,Up-regulated
septin ring assembly,GO:BP,0.0413682502418247,TRUE,1,Up-regulated
cholesterol transport,GO:BP,0.0415591162188815,TRUE,4,Up-regulated
positive regulation of T cell cytokine production,GO:BP,0.0415591162188815,TRUE,1,Up-regulated
monoatomic ion transmembrane transporter activity,GO:MF,0.0416141899150227,TRUE,2,Down-regulated
deaminase activity,GO:MF,0.0416576011834854,TRUE,3,Up-regulated
lysosomal membrane organization,GO:BP,0.0417233580900879,TRUE,2,Up-regulated
metalloendopeptidase activity,GO:MF,0.0418008551784137,TRUE,2,Up-regulated
metalloendopeptidase activity,GO:MF,0.0419036507559974,TRUE,2,Down-regulated
dCMP kinase activity,GO:MF,0.0418008551784137,TRUE,1,Up-regulated
CMP kinase activity,GO:MF,0.0418008551784137,TRUE,1,Up-regulated
receptor ligand activity,GO:MF,0.0418008551784137,TRUE,10,Up-regulated
female meiotic nuclear division,GO:BP,0.0418177965546407,TRUE,3,Up-regulated
negative regulation of myoblast fusion,GO:BP,0.0418563755303831,TRUE,1,Up-regulated
presynaptic endocytosis,GO:BP,0.0420036410336653,TRUE,2,Up-regulated
neuron projection retraction,GO:BP,0.0421696578540415,TRUE,1,Up-regulated
negative regulation of glutamate receptor signaling pathway,GO:BP,0.0421696578540415,TRUE,1,Up-regulated
cell differentiation,GO:BP,0.0422197175016622,TRUE,66,Up-regulated
positive regulation of hematopoietic stem cell differentiation,GO:BP,0.0422197175016622,TRUE,1,Up-regulated
cellular homeostasis,GO:BP,0.0422443362993957,TRUE,13,Up-regulated
argininosuccinate metabolic process,GO:BP,0.0422919613849212,TRUE,1,Up-regulated
cellular developmental process,GO:BP,0.0422919613849212,TRUE,66,Up-regulated
synaptic vesicle exocytosis,GO:BP,0.0423089026058209,TRUE,1,Up-regulated
nucleoside monophosphate phosphorylation,GO:BP,0.0426037012102431,TRUE,1,Up-regulated
transepithelial transport,GO:BP,0.0427943835311925,TRUE,3,Up-regulated
cell junction disassembly,GO:BP,0.0427943835311925,TRUE,2,Up-regulated
regulation of hepatocyte growth factor production,GO:BP,0.0429323447947494,TRUE,1,Up-regulated
hepatocyte growth factor production,GO:BP,0.0429323447947494,TRUE,1,Up-regulated
regulation of hematopoietic stem cell differentiation,GO:BP,0.0429323447947494,TRUE,2,Up-regulated
negative regulation of membrane depolarization,GO:BP,0.0429323447947494,TRUE,1,Up-regulated
negative regulation of coagulation,GO:BP,0.0429323447947494,TRUE,2,Up-regulated
collagen fibril organization,GO:BP,0.0429323447947494,TRUE,1,Up-regulated
positive regulation of glycolytic process,GO:BP,0.0429323447947494,TRUE,2,Up-regulated
aggregation of unicellular organisms,GO:BP,0.0429323447947494,TRUE,1,Up-regulated
single-species biofilm formation,GO:BP,0.0429323447947494,TRUE,1,Up-regulated
positive regulation of DNA-templated DNA replication,GO:BP,0.0429323447947494,TRUE,2,Up-regulated
positive regulation of bone mineralization,GO:BP,0.0429323447947494,TRUE,3,Up-regulated
positive regulation of receptor catabolic process,GO:BP,0.0429323447947494,TRUE,1,Up-regulated
positive regulation of tumor necrosis factor-mediated signaling pathway,GO:BP,0.0429323447947494,TRUE,1,Up-regulated
single-species biofilm formation in or on host organism,GO:BP,0.0429323447947494,TRUE,1,Up-regulated
positive regulation of secretion,GO:BP,0.0429323447947494,TRUE,9,Up-regulated
regulation of transmembrane receptor protein serine/threonine kinase signaling pathway,GO:BP,0.0429323447947494,TRUE,7,Up-regulated
regulation of single-species biofilm formation,GO:BP,0.0429323447947494,TRUE,1,Up-regulated
biofilm formation,GO:BP,0.0429323447947494,TRUE,1,Up-regulated
regulation of single-species biofilm formation in or on host organism,GO:BP,0.0429323447947494,TRUE,1,Up-regulated
negative regulation of single-species biofilm formation,GO:BP,0.0429323447947494,TRUE,1,Up-regulated
positive regulation of nucleotide catabolic process,GO:BP,0.0429323447947494,TRUE,2,Up-regulated
negative regulation of lymphocyte migration,GO:BP,0.0429323447947494,TRUE,1,Up-regulated
regulation of neurotransmitter transport,GO:BP,0.0429323447947494,TRUE,1,Up-regulated
negative regulation of hepatocyte growth factor production,GO:BP,0.0429323447947494,TRUE,1,Up-regulated
regulation of osteoclast differentiation,GO:BP,0.0429323447947494,TRUE,3,Up-regulated
negative regulation of single-species biofilm formation in or on host organism,GO:BP,0.0429323447947494,TRUE,1,Up-regulated
positive regulation of purine nucleotide catabolic process,GO:BP,0.0429323447947494,TRUE,2,Up-regulated
T cell extravasation,GO:BP,0.0429323447947494,TRUE,1,Up-regulated
regulation of lymphocyte migration,GO:BP,0.0432497438828272,TRUE,3,Up-regulated
neuroinflammatory response,GO:BP,0.0433606015152238,TRUE,4,Up-regulated
regulation of establishment of protein localization,GO:BP,0.0433606015152238,TRUE,2,Up-regulated
negative regulation of glial cell differentiation,GO:BP,0.0434750640638611,TRUE,1,Up-regulated
negative regulation of binding,GO:BP,0.0435262611059025,TRUE,3,Up-regulated
base conversion or substitution editing,GO:BP,0.0437867563404656,TRUE,2,Up-regulated
spindle midzone assembly,GO:BP,0.0439545961451988,TRUE,2,Up-regulated
spindle elongation,GO:BP,0.0439545961451988,TRUE,2,Up-regulated
regulation of leukocyte cell-cell adhesion,GO:BP,0.0439768533801331,TRUE,9,Up-regulated
positive regulation of extracellular exosome assembly,GO:BP,0.0439768533801331,TRUE,1,Up-regulated
myoblast development,GO:BP,0.0439768533801331,TRUE,1,Up-regulated
positive regulation of secretion by cell,GO:BP,0.0443850930426973,TRUE,6,Up-regulated
glial cell apoptotic process,GO:BP,0.0446473364164936,TRUE,1,Up-regulated
nitric-oxide synthase binding,GO:MF,0.0447759950277752,TRUE,2,Up-regulated
signaling receptor activator activity,GO:MF,0.0447759950277752,TRUE,10,Up-regulated
parturition,GO:BP,0.0447985295667514,TRUE,1,Up-regulated
negative regulation of cellular response to growth factor stimulus,GO:BP,0.0448534335785006,TRUE,4,Up-regulated
cell cycle DNA replication,GO:BP,0.0448534335785006,TRUE,3,Up-regulated
meiotic spindle assembly,GO:BP,0.0450839449089032,TRUE,2,Up-regulated
regulation of MHC class II biosynthetic process,GO:BP,0.0450839449089032,TRUE,2,Up-regulated
homeostatic process,GO:BP,0.0455923500461727,TRUE,31,Up-regulated
negative regulation of protein catabolic process,GO:BP,0.0456681314354988,TRUE,3,Up-regulated
negative regulation of interleukin-1 alpha production,GO:BP,0.0459438381167712,TRUE,1,Up-regulated
nicotinamide N-methyltransferase activity,GO:MF,0.0459982981556025,TRUE,1,Up-regulated
interleukin-1 binding,GO:MF,0.0459982981556025,TRUE,2,Up-regulated
pyridine N-methyltransferase activity,GO:MF,0.0459982981556025,TRUE,1,Up-regulated
toxic substance binding,GO:MF,0.0459982981556025,TRUE,2,Up-regulated
GTP 3',8'-cyclase activity,GO:MF,0.0459982981556025,TRUE,1,Up-regulated
cyclic pyranopterin monophosphate synthase activity,GO:MF,0.0459982981556025,TRUE,1,Up-regulated
regulation of non-canonical Wnt signaling pathway,GO:BP,0.0460898844943921,TRUE,2,Up-regulated
regulated exocytosis,GO:BP,0.0464971778703072,TRUE,6,Up-regulated
synaptic vesicle recycling,GO:BP,0.0464971778703072,TRUE,2,Up-regulated
stem cell differentiation,GO:BP,0.0464971778703072,TRUE,4,Up-regulated
transepithelial ammonium transport,GO:BP,0.0464971778703072,TRUE,1,Up-regulated
nitrogen cycle metabolic process,GO:BP,0.0468003815319445,TRUE,2,Up-regulated
regulation of intracellular sterol transport,GO:BP,0.0469397728514172,TRUE,1,Up-regulated
regulation of intracellular cholesterol transport,GO:BP,0.0469397728514172,TRUE,1,Up-regulated
negative regulation of low-density lipoprotein particle clearance,GO:BP,0.0469397728514172,TRUE,1,Up-regulated
positive regulation of neuroinflammatory response,GO:BP,0.0469397728514172,TRUE,1,Up-regulated
glial cell migration,GO:BP,0.0469810397799521,TRUE,3,Up-regulated
positive regulation of cellular respiration,GO:BP,0.0470777670761559,TRUE,2,Up-regulated
embryonic placenta development,GO:BP,0.0472160469602033,TRUE,4,Up-regulated
siderophore transport,GO:BP,0.047379713986272,TRUE,1,Up-regulated
positive regulation of meiotic cell cycle,GO:BP,0.0474060603552103,TRUE,2,Up-regulated
negative regulation of T-helper 2 cell cytokine production,GO:BP,0.0474060603552103,TRUE,1,Up-regulated
regulation of killing of cells of another organism,GO:BP,0.0474060603552103,TRUE,1,Up-regulated
myoblast differentiation involved in skeletal muscle regeneration,GO:BP,0.0474241100306512,TRUE,1,Up-regulated
positive regulation of synaptic vesicle endocytosis,GO:BP,0.0476743331246465,TRUE,1,Up-regulated
circulatory system development,GO:BP,0.0477492636585983,TRUE,18,Up-regulated
ossification involved in bone maturation,GO:BP,0.0478597483746845,TRUE,2,Up-regulated
negative regulation of bone resorption,GO:BP,0.0480761517636496,TRUE,2,Up-regulated
regulation of mononuclear cell migration,GO:BP,0.0482459565960256,TRUE,4,Up-regulated
insulin-like growth factor I binding,GO:MF,0.0482611277656887,TRUE,1,Down-regulated
release of cytochrome c from mitochondria,GO:BP,0.0485556249487776,TRUE,3,Up-regulated
response to growth hormone,GO:BP,0.0485556249487776,TRUE,3,Up-regulated
MHC class II biosynthetic process,GO:BP,0.0486246141683826,TRUE,2,Up-regulated
response to wounding,GO:BP,0.0486358507641634,TRUE,13,Up-regulated
nucleoside diphosphate biosynthetic process,GO:BP,0.0489404247254149,TRUE,1,Up-regulated
ribonucleoside diphosphate metabolic process,GO:BP,0.0490771737092267,TRUE,4,Up-regulated
negative regulation of hydrogen peroxide catabolic process,GO:BP,0.0490771737092267,TRUE,1,Up-regulated
regulation of BMP signaling pathway,GO:BP,0.0490771737092267,TRUE,4,Up-regulated
gonadotropin secretion,GO:BP,0.0490771737092267,TRUE,2,Up-regulated
ovulation,GO:BP,0.0490771737092267,TRUE,2,Up-regulated
regulation of adaptive immune response,GO:BP,0.0491455387571829,TRUE,6,Up-regulated
positive regulation of protein deacetylation,GO:BP,0.0492309322025987,TRUE,1,Up-regulated
peptide transport,GO:BP,0.0493091282386782,TRUE,8,Up-regulated
negative regulation of leukocyte cell-cell adhesion,GO:BP,0.0494299017808921,TRUE,5,Up-regulated
response to insulin,GO:BP,0.0494662020608793,TRUE,8,Up-regulated
positive regulation of DNA topoisomerase (ATP-hydrolyzing) activity,GO:BP,0.0494662020608793,TRUE,1,Up-regulated
sterol transport,GO:BP,0.0494662020608793,TRUE,4,Up-regulated
regulation of intracellular transport,GO:BP,0.0494662020608793,TRUE,1,Up-regulated
phosphatidylserine biosynthetic process,GO:BP,0.0494662020608793,TRUE,1,Up-regulated
positive regulation of erythrocyte differentiation,GO:BP,0.0498055868426916,TRUE,2,Up-regulated
regulation of vascular permeability involved in acute inflammatory response,GO:BP,0.049869822607991,TRUE,1,Up-regulated
negative regulation of syncytium formation by plasma membrane fusion,GO:BP,0.049869822607991,TRUE,1,Up-regulated
