gene_name,log2FoldChange,lfcSE,padj,pvalue,expression
IFI27,5.13301193496101,0.349635031376394,8.83544267735103e-33,4.65586904007537e-37,Up-regulated
SAMD9L,1.41819768037426,0.107653599416788,8.83544267735103e-33,3.76996869217507e-37,Up-regulated
SPATS2L,2.26786272159786,0.169064594377569,4.69290199571772e-32,3.70941297021478e-36,Up-regulated
PLSCR1,1.50374689810645,0.115885835235868,9.23543789090532e-32,9.73329598029754e-36,Up-regulated
USP18,2.83055409344908,0.210852911937228,4.18492258404903e-31,5.51315089852061e-35,Up-regulated
EIF2AK2,1.59271783000146,0.1248597975121,7.69613765994664e-31,1.21665242028982e-34,Up-regulated
IFITM1,1.11142974525403,0.0891102233347888,1.05333068438069e-30,2.22022592481571e-34,Up-regulated
DDX60,1.77107586628684,0.139138483438778,1.07246151447533e-30,2.5431189414233e-34,Up-regulated
IFIH1,1.33850850992991,0.106761831292929,1.44425093977836e-30,3.80526674336924e-34,Up-regulated
EPSTI1,2.09270204222659,0.163168085811984,3.87345589917604e-30,1.12262251385721e-33,Up-regulated
IFI44,2.62690817129071,0.204293272338987,6.10101682343789e-30,2.08971962651348e-33,Up-regulated
OTOF,4.29728453182649,0.322942559819144,1.1897319118118e-29,4.38853527042344e-33,Up-regulated
DDX60L,1.25543007463543,0.10249324330472,1.63414161435386e-29,6.88893550868465e-33,Up-regulated
HERC5,2.1513499342013,0.17278776722947,8.22311428607812e-29,3.68322028938525e-32,Up-regulated
PARP9,1.18261163796225,0.0980131888769682,9.49384614374972e-29,4.50253545311416e-32,Up-regulated
IFIT3,2.23080941615439,0.178154017189272,1.19275115033254e-28,6.59950839357733e-32,Up-regulated
OASL,2.00107162257635,0.161789825686495,1.51380997464219e-28,8.77478511938876e-32,Up-regulated
PARP14,1.16918191501088,0.0980513829276636,2.11185522456346e-28,1.27977736641618e-31,Up-regulated
IFIT5,1.48323870432885,0.123453212209683,3.245506627407e-28,2.05227799593635e-31,Up-regulated
IFIT2,1.75427005442142,0.145243982941737,5.80713564459244e-28,3.97811895345427e-31,Up-regulated
XAF1,1.76404566993268,0.146554884597801,1.22815830285464e-27,9.06055553562995e-31,Up-regulated
TRIM22,1.17846825194995,0.100949247678839,2.65814136646483e-27,2.03104019675081e-30,Up-regulated
HERC6,1.47449958301256,0.12583348595997,5.67952217030984e-27,4.48926766900182e-30,Up-regulated
IFI6,2.1351268048688,0.177776373863196,6.15987356216978e-27,5.03125047234187e-30,Up-regulated
IFIT1,2.57491657084068,0.21136924588616,1.16648415138003e-26,9.83492987410045e-30,Up-regulated
SIGLEC1,2.92444974156437,0.241192019597453,1.758489298561e-26,1.528959973982e-29,Up-regulated
OAS1,2.02707872725152,0.170916835027861,2.52392275465891e-26,2.26098365543561e-29,Up-regulated
RIGI,1.2123373721779,0.106020112316579,4.04558332158084e-26,3.83730303991437e-29,Up-regulated
ISG15,2.52154457782164,0.211423642675404,4.08198056695273e-26,3.97937716649763e-29,Up-regulated
PTGFR,2.4270915434542,0.205819158212117,8.61838925355041e-26,8.85590928198519e-29,Up-regulated
IFI44L,3.18736428893,0.262353130152157,8.71648995072307e-26,9.18637292588193e-29,Up-regulated
KIAA1958,1.26792862853539,0.111747535790521,9.65347260697036e-26,1.04282124910625e-28,Up-regulated
TNFAIP6,1.53387572014091,0.134670091618623,1.66634434325077e-25,1.84398119872826e-28,Up-regulated
SAMD9,1.12026481087023,0.0998295512867047,1.95485340917388e-25,2.21475197856555e-28,Up-regulated
APOBEC3A,1.14882721064478,0.101956659292973,2.00330894930438e-25,2.32243225402837e-28,Up-regulated
OAS2,1.8664603205396,0.161893490853478,2.11401922753326e-25,2.50647797963315e-28,Up-regulated
CMPK2,2.36415717731566,0.201320744548659,2.31238690113774e-25,2.80259781452116e-28,Up-regulated
RSAD2,2.88245286709172,0.242565821640211,2.36392162009677e-25,2.92734141709829e-28,Up-regulated
RTP4,1.6077962210579,0.143669740441523,1.06479160777988e-24,1.43079443528413e-27,Up-regulated
TMEM178B,1.77951115783143,0.160599806119549,1.42412785319396e-24,1.98869094744374e-27,Up-regulated
LY6E,2.08692263053196,0.183954387219088,2.12688677188645e-24,3.12504608270028e-27,Up-regulated
ZBP1,1.28402643876687,0.116782505135773,2.67439647588396e-24,4.01645674040643e-27,Up-regulated
ABCA1,1.18733754705603,0.108300231222223,2.72419669628931e-24,4.1630238811398e-27,Up-regulated
CHMP5,1.05903588035494,0.0979608017872733,6.22427545327004e-24,1.00037098237201e-26,Up-regulated
MX1,1.98602947755859,0.178064175649126,9.43392198961203e-24,1.56594057370912e-26,Up-regulated
OAS3,2.27831111279212,0.202076446394335,1.16963690245986e-23,2.00311953048139e-26,Up-regulated
ZCCHC2,1.23757737095701,0.11449398693529,1.17622478407361e-23,2.04539273196127e-26,Up-regulated
LAP3,1.12188920383399,0.105803473577575,8.84290573335841e-23,1.7474256468406e-25,Up-regulated
TRIM6,1.68254870270285,0.156617295316565,9.12195092266043e-23,1.82660133351476e-25,Up-regulated
FBXO39,2.15711255536297,0.199107065580861,1.56418199473886e-22,3.29700583809635e-25,Up-regulated
PARP12,1.04560023116472,0.100438782691868,2.92968216441302e-22,6.48398856011735e-25,Up-regulated
DLGAP1,1.52314618689205,0.147162267641109,3.43476082774029e-22,7.87332539425107e-25,Up-regulated
IRF7,1.28036769374498,0.122738019410074,3.99077490447081e-22,9.25299551018156e-25,Up-regulated
APOBEC3B,1.20441624998683,0.115330368508178,5.53730671972909e-22,1.32764639167241e-24,Up-regulated
MX2,1.04944312694007,0.103082598015347,2.6707807213447e-21,6.96651977164794e-24,Up-regulated
IL1RN,1.05385952978509,0.103776215945773,3.81085774995458e-21,1.01411348670868e-23,Up-regulated
AIM2,1.04789342621529,0.10421552963001,5.88469772941137e-21,1.5969960113015e-23,Up-regulated
GBP1,1.10655840469281,0.10954172598744,6.26347429594725e-21,1.71629163402675e-23,Up-regulated
BCL2L14,1.72513622177115,0.171356898218849,7.36435943449112e-21,2.03735506302779e-23,Up-regulated
SMTNL1,1.75343058489315,0.173343819727082,8.56429197406866e-21,2.41444707073127e-23,Up-regulated
TTK,1.20898589983008,0.121211733167585,1.01969377908367e-20,2.90158950679866e-23,Up-regulated
IFI35,1.08403339254851,0.108398138691262,1.13358938423177e-20,3.25555258684889e-23,Up-regulated
LAMP3,1.65969754900599,0.163501362211074,1.29387783258024e-20,3.74997527490715e-23,Up-regulated
ADAMTS2,3.92041991943261,0.346545469926266,1.55059872096683e-20,4.57572473911273e-23,Up-regulated
TOP2A,1.16842529894688,0.117150588154777,1.89617712199957e-20,5.69542582884416e-23,Up-regulated
ASPM,1.23535830197857,0.124314027197796,2.06149782354122e-20,6.24630472960005e-23,Up-regulated
GPR42,1.47341296142161,0.14778793316038,3.60187754726198e-20,1.11983335241849e-22,Up-regulated
LGALS3BP,1.38998670977066,0.13988072908651,4.73243774645441e-20,1.48379641626199e-22,Up-regulated
FFAR3,1.49450615868982,0.150200629843057,6.83481578174332e-20,2.21500327015447e-22,Up-regulated
DLGAP5,1.37608605672942,0.140316390503776,8.26695015557152e-20,2.70090588420422e-22,Up-regulated
EPHB2,1.44690974592602,0.14577340061218,1.10150849410764e-19,3.68581911660618e-22,Up-regulated
BCL2A1,1.13036471039581,0.115596324143654,1.10150849410764e-19,3.67851187668026e-22,Up-regulated
DHX58,1.08696066231358,0.113648503664248,1.89182322058877e-19,6.62940634289684e-22,Up-regulated
FAP,1.98375702804587,0.208264931170761,2.78147241161886e-19,9.96680845181441e-22,Up-regulated
CDK1,1.3508581629464,0.140280690388017,2.86736608035591e-19,1.0350138404615e-21,Up-regulated
NTNG2,1.1790561947089,0.12264514222333,3.13383422395905e-19,1.14026044397252e-21,Up-regulated
CKAP2L,1.09730257490456,0.115127989159264,3.38289629384511e-19,1.24784075759687e-21,Up-regulated
CEACAM1,1.17751691709516,0.12321041092608,5.54743284799181e-19,2.1193491146093e-21,Up-regulated
IFITM3,1.27109787195421,0.133806377195386,1.69803038816558e-18,7.02404940037929e-21,Up-regulated
MMP8,2.39625908332059,0.23921258446995,1.72222288867458e-18,7.16950035333781e-21,Up-regulated
CCL2,2.51724602318794,0.255313128695677,2.47009781883997e-18,1.06733425275269e-20,Up-regulated
HESX1,1.9365522252441,0.203677649446621,3.08780792947259e-18,1.38306199085825e-20,Up-regulated
OLAH,3.25024747249559,0.320834961501081,3.36538614400244e-18,1.51625923650845e-20,Up-regulated
CEP55,1.26427506419878,0.136495992857606,5.22322621243742e-18,2.40834849337764e-20,Up-regulated
EXOC3L1,1.58879404831111,0.170418214100821,8.00828170238233e-18,3.8823940381471e-20,Up-regulated
RRM2,1.45507991956538,0.156162024655748,1.07294544458092e-17,5.45603811993774e-20,Up-regulated
LIF,1.60187085031906,0.174024221694185,1.29489017978399e-17,6.72111939235509e-20,Up-regulated
ANKRD22,1.37561398660022,0.148440220829483,1.54019077171959e-17,8.07551150266635e-20,Up-regulated
CXCL10,1.64694790784055,0.177899569232048,2.79414510794381e-17,1.48710889973297e-19,Up-regulated
KLHDC7B,1.32192268346349,0.145876708458073,4.16022722899892e-17,2.2799369332133e-19,Up-regulated
HES4,1.77100611173514,0.191994324940587,4.18259778030525e-17,2.30321688381672e-19,Up-regulated
ZNF684,1.02343260037043,0.114733608597925,5.45530872972871e-17,3.04717671576773e-19,Up-regulated
ANXA10,1.5650395426989,0.18399910483377,8.54924283962702e-17,5.02313630509782e-19,Up-regulated
ANLN,1.11904296372346,0.125551185398012,8.54924283962702e-17,5.00450654980797e-19,Up-regulated
ETV7,1.54298850976076,0.169486642535166,1.00543046564162e-16,5.96042195208315e-19,Up-regulated
HELZ2,1.02351440519534,0.115939556962748,1.13179090467602e-16,6.8287958362968e-19,Up-regulated
SLC26A8,1.20326438422838,0.135612465686441,1.77476944772155e-16,1.0942089128072e-18,Up-regulated
SERPING1,1.71389502435127,0.190621037218553,2.37710326998359e-16,1.50314798123007e-18,Up-regulated
AGRN,1.33191804852047,0.151779290827453,2.51906331697524e-16,1.59955277280664e-18,Up-regulated
ESCO2,1.04327173658128,0.120920393045328,3.27233176776318e-16,2.17270275985752e-18,Up-regulated
BATF2,1.49688121074033,0.170248615534513,6.30002123616176e-16,4.38216158072062e-18,Up-regulated
PLSCR2,1.05427922070531,0.12498304471226,7.43734114694009e-16,5.25163995199437e-18,Up-regulated
HJURP,1.22740834384193,0.142607169089004,7.84591686572457e-16,5.56081476756049e-18,Up-regulated
MT2A,1.20394961634382,0.140373513548089,9.78820712421442e-16,7.01478721027118e-18,Up-regulated
SUCNR1,1.17134701299353,0.136045759122422,1.00499559715046e-15,7.28180927481629e-18,Up-regulated
CCDC194,1.50492884830482,0.176322503207608,1.32580023581796e-15,9.67609910211245e-18,Up-regulated
DRC1,1.39387148228176,0.164357903945061,1.38990713351081e-15,1.01870417439304e-17,Up-regulated
E2F8,1.42028953740023,0.167432978626313,3.10925306311699e-15,2.40849554870737e-17,Up-regulated
DTL,1.08948069512519,0.129754431805034,3.25659236779236e-15,2.53978853577103e-17,Up-regulated
TCN2,1.07960398836198,0.127699971318992,3.54583351088283e-15,2.78405012974412e-17,Up-regulated
ABCA13,1.82362191310308,0.210731795270964,4.03427138612476e-15,3.21006997578563e-17,Up-regulated
PCLAF,1.26108576454978,0.151053951622229,5.8494166411303e-15,4.85473531631987e-17,Up-regulated
CDCA2,1.20065704774385,0.144791856982572,7.23391952182486e-15,6.17534363985681e-17,Up-regulated
DEPDC1,1.3391578581734,0.163713280059999,1.21962392794251e-14,1.08292476080684e-16,Up-regulated
LIPM,1.39438755628519,0.171696463336367,1.83161742617742e-14,1.67561413214947e-16,Up-regulated
RUFY4,1.02376591478992,0.124636372089659,2.06700381425392e-14,1.92791102451886e-16,Up-regulated
OLR1,1.82266285018927,0.216338332656847,2.22645561370564e-14,2.08836538567532e-16,Up-regulated
CDC25A,1.31969747882422,0.162437926312931,3.08085949648366e-14,2.98718526296566e-16,Up-regulated
DAAM2,2.77389717852631,0.314079863902558,4.93873851489098e-14,4.98376153028204e-16,Up-regulated
C1QC,1.71586520308826,0.207903881976438,6.03633672969367e-14,6.13907882610992e-16,Up-regulated
MKI67,1.03419595492678,0.129292355187322,6.07315236916529e-14,6.20852378994608e-16,Up-regulated
CDC6,1.07590631639459,0.134194844299386,6.11746589705643e-14,6.26994317846591e-16,Up-regulated
PBK,1.58803562358266,0.198633889948807,7.0752230364436e-14,7.34478019802598e-16,Up-regulated
OLFM4,2.55586760935565,0.298631885899202,9.23321599914776e-14,9.73095431221769e-16,Up-regulated
SPC25,1.4496471730541,0.18292278435644,9.59152812305467e-14,1.02602108287933e-15,Up-regulated
CLEC4D,1.06147161984936,0.133577057314577,9.76908009152722e-14,1.04758802688823e-15,Up-regulated
ARG1,1.69452796738429,0.2081296191301,1.06461640651492e-13,1.15566728008681e-15,Up-regulated
C1QB,1.43142135551777,0.179014014980967,2.28708743849661e-13,2.7056496281946e-15,Up-regulated
ACOXL,1.02252994760605,0.132742721896577,2.44505159336121e-13,2.90540725247907e-15,Up-regulated
ANXA3,1.23067026784641,0.156171199190951,3.11813825423318e-13,3.81202547811612e-15,Up-regulated
RNASE1,1.74783662862642,0.224227439055211,5.26915194332599e-13,6.73325260186832e-15,Up-regulated
S100A8,1.04855444817165,0.137410790631058,8.20026087936084e-13,1.09541346520418e-14,Up-regulated
GDF15,1.02626776503071,0.137612053378666,1.06614465772043e-12,1.45789396995548e-14,Up-regulated
BIRC5,1.17145166132159,0.155648583970285,1.49643495230291e-12,2.14486118473095e-14,Up-regulated
SLC1A3,1.03651538129284,0.140485304208796,2.88253751608145e-12,4.48094307447978e-14,Up-regulated
KIF4A,1.03537207962298,0.142449372467065,3.9411501256819e-12,6.39655498081901e-14,Up-regulated
TMEM119,1.07567205622361,0.14725991105045,6.34322500624625e-12,1.06795615191847e-13,Up-regulated
SKA1,1.05436940429137,0.145218280202543,6.90328221142822e-12,1.17316146555599e-13,Up-regulated
PHLDA3,1.01782494789662,0.141478421075664,8.45436047212415e-12,1.470168601887e-13,Up-regulated
HP,1.32902055241281,0.18144882028951,9.57209505969143e-12,1.69732306876017e-13,Up-regulated
LCN2,1.52769632230063,0.207132625380347,9.98185827879992e-12,1.78050220128249e-13,Up-regulated
E2F7,1.07105706988647,0.14941866899033,1.02521219466356e-11,1.8341125577714e-13,Up-regulated
DUSP13B,1.51863672524966,0.208797275148137,1.21676219530516e-11,2.20885585857949e-13,Up-regulated
TMPRSS2,1.88728193322834,0.269393621954313,1.34382735928691e-11,2.45368698947629e-13,Up-regulated
MCM10,1.11072005212824,0.155623276806919,1.34833712029968e-11,2.4654738933656e-13,Up-regulated
GPR84,1.00874978888966,0.140338143519303,1.41216158474818e-11,2.60078238852025e-13,Up-regulated
HMMR,1.0671659740313,0.150267669791062,1.53065644231785e-11,2.84724521335406e-13,Up-regulated
PLSCR4,1.14738564657745,0.164480694526879,2.88198964416885e-11,5.62669106373272e-13,Up-regulated
CAMP,1.39819608410812,0.195211481140476,3.3827449984517e-11,6.69347497981036e-13,Up-regulated
CDC45,1.13098141874761,0.161274749775797,3.40812313212151e-11,6.77062981930657e-13,Up-regulated
PXT1,1.05862544727474,0.156045919881543,3.8199939042498e-11,7.70963621925317e-13,Up-regulated
C15orf48,1.19122361196107,0.17254775387137,4.97852291788622e-11,1.03101623371939e-12,Up-regulated
CRISP3,1.53741381036857,0.217462913873663,5.43728713458556e-11,1.13605119295103e-12,Up-regulated
CXCL11,1.66147153885656,0.242963574727353,8.65028324794244e-11,1.88257732065143e-12,Up-regulated
IL1R2,1.37687899615119,0.196737742388359,8.94983280064125e-11,1.95484307101533e-12,Up-regulated
ANKRD45,3.5045211921049,0.510539786138486,1.02740892453052e-10,2.27657402521519e-12,Up-regulated
CAV1,1.27207490862544,0.189035887737279,2.10166812043655e-10,4.97813047444923e-12,Up-regulated
GRB10,1.08916015141833,0.162031229033023,2.8171278374673e-10,6.9014498783546e-12,Up-regulated
NALF2,1.51100430123048,0.231187019466369,3.00979124356334e-10,7.44539089287992e-12,Up-regulated
GLDN,1.66545642068588,0.250457933981304,3.35892797585846e-10,8.3986474392414e-12,Up-regulated
IQGAP3,1.20931029227511,0.18260613941761,3.66573324469884e-10,9.29134052115793e-12,Up-regulated
ZNF608,1.07022327899569,0.161737709903706,3.68331973128928e-10,9.35532544913017e-12,Up-regulated
GPR15,1.02164032953586,0.153699450399883,3.69853225093744e-10,9.40370875837758e-12,Up-regulated
IL10,1.13911226059832,0.173710320814135,4.48471075392083e-10,1.16971589146923e-11,Up-regulated
RPH3A,1.45568111623823,0.219500333710657,6.45503726528522e-10,1.76546417328139e-11,Up-regulated
OVOL1,2.05648194618793,0.329447639782811,8.63512238594789e-10,2.43896590550038e-11,Up-regulated
TMEM52B,1.6012867663108,0.248568488611476,8.93324062687582e-10,2.53493706991233e-11,Up-regulated
MPO,1.30538096298628,0.200161405370698,1.03270091720521e-09,2.98216194158797e-11,Up-regulated
CCL8,1.85840480127299,0.28711640510536,1.14818621449767e-09,3.36705289754941e-11,Up-regulated
GSDMC,1.28480359564399,0.206382724063234,1.38858301455402e-09,4.17811509358879e-11,Up-regulated
IGFL2,1.74782550493977,0.282631583956034,1.40085493162405e-09,4.22611291750418e-11,Up-regulated
MND1,1.13209558778643,0.181369277424844,1.44354667776855e-09,4.37011944131334e-11,Up-regulated
CEACAM8,1.59580926895474,0.244432497848491,1.55949582111219e-09,4.76222705556471e-11,Up-regulated
BPI,1.25794953273598,0.195507420655913,1.58460946609546e-09,4.84726666527067e-11,Up-regulated
CEACAM6,1.45206098027262,0.225521030583479,1.87082611081014e-09,5.87559868284156e-11,Up-regulated
OR2B6,1.06707841691422,0.169313712999236,1.91514938740076e-09,6.02994023803527e-11,Up-regulated
INHBA,1.38124216897912,0.220605841973635,2.86645406568941e-09,9.50852523766391e-11,Up-regulated
CTSG,1.69537593041284,0.268437573212575,3.41700201791854e-09,1.16048785400669e-10,Up-regulated
SDC1,1.72807509185473,0.276997278259558,3.68018125658849e-09,1.25770435446882e-10,Up-regulated
NOS1AP,1.12593450386037,0.18563978025401,4.6169842541843e-09,1.61984262556343e-10,Up-regulated
MAOA,1.74677860054956,0.280572417759261,4.78723355696588e-09,1.68260777915173e-10,Up-regulated
UCHL1,1.79810806220744,0.298355845991142,9.12347025804606e-09,3.44599659471864e-10,Up-regulated
DEFA1,1.76460810165026,0.285079867270988,1.22632282294705e-08,4.77876233108152e-10,Up-regulated
TPST1,1.05798645986697,0.177044588236854,1.45370818359781e-08,5.77591806098303e-10,Up-regulated
IFIT1B,1.39017065150012,0.230591628792873,1.62314404429011e-08,6.51327496299163e-10,Up-regulated
DEFA4,1.77732500204159,0.290383231405536,1.76932238463183e-08,7.1791022615087e-10,Up-regulated
DEFA3,1.74486363881494,0.291164596503823,2.65551025814619e-08,1.14745134198234e-09,Up-regulated
SLC22A31,1.17176221277311,0.203121351007303,2.89866607154258e-08,1.26321169898599e-09,Up-regulated
MOCS1,1.52323737365802,0.258211212554405,3.18650266680223e-08,1.41047701960999e-09,Up-regulated
CA1,1.48072440724063,0.249902228318674,3.50534374992488e-08,1.56915714578763e-09,Up-regulated
LTF,1.41980181338616,0.24016511035301,3.58702579171106e-08,1.61139246847957e-09,Up-regulated
NUPR1,1.04622553727936,0.18617804229432,4.18953758942849e-08,1.91194925092306e-09,Up-regulated
KCTD14,1.349394004171,0.238186872178031,4.2256186840226e-08,1.93399351543358e-09,Up-regulated
TARM1,1.33063653957815,0.232856538272306,4.68225826147457e-08,2.17248690479441e-09,Up-regulated
CA12,1.00096569282716,0.179789987902404,6.26444894756168e-08,2.99077343441581e-09,Up-regulated
TEKT1,1.58219160889272,0.291248023003928,7.06618771515785e-08,3.41077512098045e-09,Up-regulated
ENSG00000267881,1.374110840382,0.243258636512746,7.5399347044265e-08,3.67917981572374e-09,Up-regulated
FOXC1,1.10347167246863,0.200097098665256,7.67376960940974e-08,3.7539389327722e-09,Up-regulated
LY6G6C,1.19541199560175,0.218019847338549,8.09274141852927e-08,3.98730738595398e-09,Up-regulated
AHSP,1.42007827518199,0.250027778981786,9.53739201544119e-08,4.79727430367932e-09,Up-regulated
CCNA1,1.03244697293703,0.185922447236874,9.53739201544119e-08,4.7996044552597e-09,Up-regulated
BNIP5,1.09142253252256,0.200077132226657,1.01006908672822e-07,5.13896666088473e-09,Up-regulated
VWA3B,1.17723765123746,0.223932303159528,1.18705705860472e-07,6.14577414806943e-09,Up-regulated
NSG2,1.01998043439091,0.189933332055554,1.35628145763102e-07,7.10409321223181e-09,Up-regulated
INHBB,1.08164654399784,0.198318639653695,1.54600124900762e-07,8.22410423603935e-09,Up-regulated
PIR,1.03948397889209,0.197865820102352,1.81904568353992e-07,9.82516638893618e-09,Up-regulated
PCOLCE2,1.61328582024971,0.298558452170333,2.03508417117606e-07,1.11153751563682e-08,Up-regulated
IGF1,1.30584765934532,0.247923914590828,2.75866377424326e-07,1.57434413632579e-08,Up-regulated
SHC2,1.02420562205054,0.193540309928314,2.87158101741488e-07,1.6546734692223e-08,Up-regulated
DEFA1B,1.4992977233642,0.277293452575165,3.2158748637121e-07,1.88017766838203e-08,Up-regulated
CRISP2,1.40672148154865,0.265941649337703,3.45220126397935e-07,2.04108648268158e-08,Up-regulated
RHAG,1.21257099544973,0.231056584842174,3.99697385740488e-07,2.42847175928115e-08,Up-regulated
CD177,1.49425023140232,0.274590778192745,4.00746027039857e-07,2.43695481479683e-08,Up-regulated
AZU1,1.22949338010773,0.235193095667521,4.10702822802615e-07,2.50615939719359e-08,Up-regulated
ERICH3,1.12684407657659,0.219031222196566,4.36062406929191e-07,2.69192764777124e-08,Up-regulated
ANOS1,1.12500862713985,0.217723538258558,5.05966325949852e-07,3.18878498095601e-08,Up-regulated
COL17A1,1.06942781515379,0.21111482878445,6.16024744516516e-07,3.98791378320356e-08,Up-regulated
RNASE3,1.05404662495871,0.20452850700548,7.00873461140359e-07,4.63321787954145e-08,Up-regulated
JCHAIN,1.05606346728313,0.212042662245869,1.01813380453711e-06,7.09749233986932e-08,Up-regulated
SLC9A4,1.70828875173253,0.35711470613575,1.20477061369935e-06,8.58011005119182e-08,Up-regulated
SPIC,2.17083483428789,0.451953310222052,1.93321615664639e-06,1.45472554760554e-07,Up-regulated
OR52B4,1.18467655183789,0.257641807836942,3.50725931515286e-06,2.84894358133959e-07,Up-regulated
LGSN,1.00021815950206,0.212297282816427,3.92044730625948e-06,3.23725611472235e-07,Up-regulated
HBM,1.01521880989175,0.220295755622552,5.77822700134625e-06,5.04380725495603e-07,Up-regulated
TNFAIP8L3,1.27574285225131,0.293512892621863,6.88595933320705e-06,6.17489095936007e-07,Up-regulated
HTRA3,1.17177567330035,0.258458796757564,7.19447924748453e-06,6.5056259623141e-07,Up-regulated
ELANE,1.18738383792883,0.267590439930912,9.81406289553675e-06,9.31576063476583e-07,Up-regulated
PRTN3,1.42179951350812,0.319372899299444,1.00627906325114e-05,9.58184258468049e-07,Up-regulated
TMT1B,1.19027059514502,0.269375374452519,1.06750461399581e-05,1.02660901119373e-06,Up-regulated
NNMT,1.50478788034658,0.353782488318279,1.27246013363181e-05,1.25623336689635e-06,Up-regulated
BSND,1.10737385096536,0.259806209464106,1.5559048111052e-05,1.57869774663175e-06,Up-regulated
SFRP1,1.32873355935373,0.313517145933018,1.81555744084341e-05,1.87659583717887e-06,Up-regulated
FAM83A,1.10925579952117,0.258462671039034,1.93164841787585e-05,2.01133457211388e-06,Up-regulated
ENSG00000254706,1.0329549547464,0.251061960704156,2.3857702350891e-05,2.53826743144063e-06,Up-regulated
NKAIN1,2.30461186273263,0.555548621884318,3.02111890488058e-05,3.31531860642557e-06,Up-regulated
PCSK9,2.06549330913782,0.514007671707302,3.71291339101415e-05,4.21241636236152e-06,Up-regulated
XIRP1,1.34562395615908,0.343767195404083,3.85917868182159e-05,4.3986949932972e-06,Up-regulated
ITGA8,1.1427783989267,0.293311663670776,4.87058764232813e-05,5.73629308141612e-06,Up-regulated
ASS1,1.10216054046018,0.289230960717993,5.87191719887768e-05,7.12601712794132e-06,Up-regulated
PAX3,2.07615116973471,0.534377479628875,7.87744276505408e-05,9.97911809410867e-06,Up-regulated
GNG4,1.01979256500852,0.289202981415851,0.000169836816727914,2.36941019279734e-05,Up-regulated
OGDHL,1.26589273848982,0.365114845816112,0.000196858371693466,2.80707569058607e-05,Up-regulated
CIMIP7,1.55400935237692,0.409864204960785,0.000235297300108561,3.44012414581442e-05,Up-regulated
CCL1,1.41887145928537,0.417861465577349,0.000287357197032778,4.34283838904995e-05,Up-regulated
SPMAP2L,1.0882912444168,0.298593359187889,0.00031415365169039,4.8107209348805e-05,Up-regulated
CLDN18,1.00278138326356,0.298239774519247,0.000327010509225771,5.04723497666799e-05,Up-regulated
TIMP4,1.84862271650341,0.570852260827678,0.000501292675273435,8.23908865562441e-05,Up-regulated
CADPS2,1.42596078136695,0.460678703399661,0.000615050556626066,0.00010390747138869,Up-regulated
OR52M1,1.3669807507247,0.419434017314581,0.000620985500401909,0.000105122828689526,Up-regulated
COL1A2,1.1475309409739,0.392835561565426,0.000993184083855998,0.000181083255000356,Up-regulated
DEFB1,2.17690973816852,0.607868745841324,0.0011684943922673,0.000217511010206262,Up-regulated
FABP2,1.16109574318447,0.414719159859968,0.00124535972637394,0.000234187664179248,Up-regulated
NR2E1,1.19446931334222,0.410762577524441,0.00136289189366921,0.000259801940525286,Up-regulated
CSAG3,2.06294284458861,0.671468865010079,0.00260411745010903,0.000550889471647926,Up-regulated
C2CD4B,1.5013470639427,0.595322566152679,0.00445392357283759,0.00102787365164368,Up-regulated
UBQLN3,1.01037970899628,0.432900736897045,0.0095793985494768,0.00250678680490603,Up-regulated
HOXB8,1.24937455424762,0.516809813406806,0.00962119808069268,0.0025206049077085,Up-regulated
CCL7,1.32200933225458,0.664519954283569,0.0109087201439156,0.00292305643314596,Up-regulated
SLC30A10,1.2709352503766,0.615235738254795,0.0135592951177986,0.00377512440084781,Up-regulated
MT1M,1.33188681178623,0.674164571707043,0.0349149095698855,0.0116987117299951,Up-regulated
PLD5,-1.2142987494739,0.322707712898622,6.98690410326306e-05,8.65769352311908e-06,Down-regulated
CCDC85A,-1.53880003483008,0.406053189241728,5.87191719887768e-05,7.12755507594179e-06,Down-regulated
PPARGC1A,-1.07454773731146,0.273778241564336,2.98101164001673e-05,3.26580766169299e-06,Down-regulated
NLRP4,-1.16120411800224,0.285425909935801,2.09941926828821e-05,2.19987100963856e-06,Down-regulated
ADAM29,-1.12272183205472,0.261931460180727,1.11216166708993e-05,1.07717402334999e-06,Down-regulated
SPMIP5,-1.07528583514789,0.252902497493418,7.55913213663915e-06,6.89312228616433e-07,Down-regulated
TENM4,-1.02017666523974,0.232638172011524,4.91838000191887e-06,4.19605692317365e-07,Down-regulated
ENSG00000261793,-1.49130104765377,0.31454308117079,2.05857182929263e-06,1.56098691171001e-07,Down-regulated
SGCD,-1.01854412744194,0.206586942266202,4.91073077323883e-07,3.07680818326446e-08,Down-regulated
HLA-DQA2,-1.20799286276296,0.233096601984889,1.11457154457693e-07,5.720570608726e-09,Down-regulated
PRSS33,-1.0361378556692,0.193627853818244,4.302898145207e-08,1.97266237357332e-09,Down-regulated
CHL1,-1.10352791852528,0.198796110801001,2.07700842356355e-08,8.66833889161791e-10,Down-regulated
COL26A1,-1.7302866595173,0.310913975212527,1.06222557927411e-08,4.08333013690502e-10,Down-regulated
LRRC26,-1.6099795454922,0.284968553277442,4.07819761642564e-09,1.41513048975933e-10,Down-regulated
KRT5,-1.10569654785913,0.18981216192785,3.37155815256049e-09,1.14351271016179e-10,Down-regulated
CACNG6,-1.13459526427031,0.190042684721524,1.38603063489184e-09,4.15582774544689e-11,Down-regulated
KRT72,-1.08442357584232,0.177772347267103,9.33585321871479e-10,2.66148315925842e-11,Down-regulated
ZNF556,-1.00455284716533,0.156873934320768,2.65634212696717e-10,6.43193975518478e-12,Down-regulated
TMEM132C,-1.46818275145493,0.217016721012855,1.10511779022031e-11,1.98871120493352e-13,Down-regulated
MMP28,-1.01855132333634,0.147638564521554,7.43478308755402e-12,1.27719833827402e-13,Down-regulated
FAT4,-1.03552460249883,0.144622313840117,1.45721132196223e-12,2.08480199142512e-14,Down-regulated
SCARA5,-1.21012923212383,0.167935102543307,8.15396118924306e-13,1.08708024496943e-14,Down-regulated
AJAP1,-1.23223511120274,0.172183433076976,7.32479814761306e-13,9.63027421525773e-15,Down-regulated
PRSS35,-1.98018686693431,0.264861699079175,5.64743204801577e-14,5.72867507637158e-16,Down-regulated
FEZ1,-1.06901285132787,0.138202035882342,1.30716560415581e-14,1.16754265639675e-16,Down-regulated
PRSS22,-1.53485254063056,0.200171398045482,1.1101181309663e-14,9.76917994790393e-17,Down-regulated
IGFBP6,-1.10785759755137,0.140119543662705,4.14188471388891e-15,3.32843662785508e-17,Down-regulated
MSLN,-1.41614557959767,0.280814227273017,6.79830276587558e-17,3.86898191871509e-19,Down-regulated
CDHR1,-1.00587739341666,0.115115621039942,3.48450108825112e-18,1.57910677973123e-20,Down-regulated
SLC4A10,-1.67542956505299,0.18786700699146,7.30628249737847e-19,2.86830397878851e-21,Down-regulated
