gene_name,log2FoldChange,padj,direction,source
ZNF684,1.02343260037043,5.45530872972871e-17,Up-regulated,ZNF148
TRIM6,1.68254870270285,9.12195092266043e-23,Up-regulated,ZNF148
INHBA,1.38124216897912,2.86645406568941e-09,Up-regulated,ZNF148
MX1,1.98602947755859,9.43392198961203e-24,Up-regulated,ZNF148
PLSCR2,1.05427922070531,7.43734114694009e-16,Up-regulated,ZNF148
ISG15,2.52154457782164,4.08198056695273e-26,Up-regulated,ZNF148
ANLN,1.11904296372346,8.54924283962702e-17,Up-regulated,VEZF1
CHMP5,1.05903588035494,6.22427545327004e-24,Up-regulated,VEZF1
GRB10,1.08916015141833,2.8171278374673e-10,Up-regulated,VEZF1
MOCS1,1.52323737365802,3.18650266680223e-08,Up-regulated,VEZF1
GDF15,1.02626776503071,1.06614465772043e-12,Up-regulated,VEZF1
ZCCHC2,1.23757737095701,1.17622478407361e-23,Up-regulated,VEZF1
KIAA1958,1.26792862853539,9.65347260697036e-26,Up-regulated,VEZF1
IFIT1,2.57491657084068,1.16648415138003e-26,Up-regulated,VEZF1
ISG15,2.52154457782164,4.08198056695273e-26,Up-regulated,VEZF1
PRTN3,1.42179951350812,1.00627906325114e-05,Up-regulated,VEZF1
GRB10,1.08916015141833,2.8171278374673e-10,Up-regulated,STAT3
IFIH1,1.33850850992991,1.44425093977836e-30,Up-regulated,STAT3
IFIT3,2.23080941615439,1.19275115033254e-28,Up-regulated,STAT3
ZBP1,1.28402643876687,2.67439647588396e-24,Up-regulated,STAT3
PARP14,1.16918191501088,2.11185522456346e-28,Up-regulated,STAT3
MX2,1.04944312694007,2.6707807213447e-21,Up-regulated,STAT3
NOS1AP,1.12593450386037,4.6169842541843e-09,Up-regulated,STAT3
LINC01531,1.17853117626402,3.06147156010023e-16,Up-regulated,STAT3
MIR3945HG,1.12389641776643,4.45552858009998e-14,Up-regulated,STAT3
FOXC1,1.10347167246863,7.67376960940974e-08,Up-regulated,NFIL3
IFIH1,1.33850850992991,1.44425093977836e-30,Up-regulated,NFIL3
GDF15,1.02626776503071,1.06614465772043e-12,Up-regulated,NFIL3
IL1RN,1.05385952978509,3.81085774995458e-21,Up-regulated,NFIL3
NUPR1,1.04622553727936,4.18953758942849e-08,Up-regulated,NFIL3
IFIT1,2.57491657084068,1.16648415138003e-26,Up-regulated,NFIL3
HP,1.32902055241281,9.57209505969143e-12,Up-regulated,NFIL3
IGF1,1.30584765934532,2.75866377424326e-07,Up-regulated,IRF4
HMMR,1.0671659740313,1.53065644231785e-11,Up-regulated,IRF4
LAMP3,1.65969754900599,1.29387783258024e-20,Up-regulated,IRF4
DHX58,1.08696066231358,1.89182322058877e-19,Up-regulated,IRF4
OAS3,2.27831111279212,1.16963690245986e-23,Up-regulated,IRF4
IFIH1,1.33850850992991,1.44425093977836e-30,Up-regulated,IRF4
IFIT3,2.23080941615439,1.19275115033254e-28,Up-regulated,IRF4
ZBP1,1.28402643876687,2.67439647588396e-24,Up-regulated,IRF4
KLHDC7B,1.32192268346349,4.16022722899892e-17,Up-regulated,IRF4
JCHAIN,1.05606346728313,1.01813380453711e-06,Up-regulated,IRF4
EPSTI1,2.09270204222659,3.87345589917604e-30,Up-regulated,IRF4
CMPK2,2.36415717731566,2.31238690113774e-25,Up-regulated,IRF4
OASL,2.00107162257635,1.51380997464219e-28,Up-regulated,IRF4
RTP4,1.6077962210579,1.06479160777988e-24,Up-regulated,IRF4
DDX60,1.77107586628684,1.07246151447533e-30,Up-regulated,IRF4
IFI44,2.62690817129071,6.10101682343789e-30,Up-regulated,IRF4
HERC6,1.47449958301256,5.67952217030984e-27,Up-regulated,IRF4
IFITM3,1.27109787195421,1.69803038816558e-18,Up-regulated,IRF4
SKA1,1.05436940429137,6.90328221142822e-12,Up-regulated,IRF4
E2F7,1.07105706988647,1.02521219466356e-11,Up-regulated,IRF4
CDK1,1.3508581629464,2.86736608035591e-19,Up-regulated,IRF4
OVOL1,2.05648194618793,8.63512238594789e-10,Up-regulated,IRF4
TYMSOS,1.34388077251203,1.81700154970938e-09,Up-regulated,IRF4
CDCA2,1.20065704774385,7.23391952182486e-15,Up-regulated,IRF4
ETV7,1.54298850976076,1.00543046564162e-16,Up-regulated,IRF2
EIF2AK2,1.59271783000146,7.69613765994664e-31,Up-regulated,IRF2
PARP12,1.04560023116472,2.92968216441302e-22,Up-regulated,IRF2
IFI35,1.08403339254851,1.13358938423177e-20,Up-regulated,IRF2
LGALS3BP,1.38998670977066,4.73243774645441e-20,Up-regulated,IRF2
DHX58,1.08696066231358,1.89182322058877e-19,Up-regulated,IRF2
OAS3,2.27831111279212,1.16963690245986e-23,Up-regulated,IRF2
IFIH1,1.33850850992991,1.44425093977836e-30,Up-regulated,IRF2
ZNF684,1.02343260037043,5.45530872972871e-17,Up-regulated,IRF2
GBP1,1.10655840469281,6.26347429594725e-21,Up-regulated,IRF2
IFIT3,2.23080941615439,1.19275115033254e-28,Up-regulated,IRF2
IFIT2,1.75427005442142,5.80713564459244e-28,Up-regulated,IRF2
INHBA,1.38124216897912,2.86645406568941e-09,Up-regulated,IRF2
MT2A,1.20394961634382,9.78820712421442e-16,Up-regulated,IRF2
IFI6,2.1351268048688,6.15987356216978e-27,Up-regulated,IRF2
GDF15,1.02626776503071,1.06614465772043e-12,Up-regulated,IRF2
HELZ2,1.02351440519534,1.13179090467602e-16,Up-regulated,IRF2
EPSTI1,2.09270204222659,3.87345589917604e-30,Up-regulated,IRF2
RSAD2,2.88245286709172,2.36392162009677e-25,Up-regulated,IRF2
CMPK2,2.36415717731566,2.31238690113774e-25,Up-regulated,IRF2
RTP4,1.6077962210579,1.06479160777988e-24,Up-regulated,IRF2
DDX60,1.77107586628684,1.07246151447533e-30,Up-regulated,IRF2
PARP9,1.18261163796225,9.49384614374972e-29,Up-regulated,IRF2
HERC6,1.47449958301256,5.67952217030984e-27,Up-regulated,IRF2
IFITM3,1.27109787195421,1.69803038816558e-18,Up-regulated,IRF2
IFIT5,1.48323870432885,3.245506627407e-28,Up-regulated,IRF2
MX1,1.98602947755859,9.43392198961203e-24,Up-regulated,IRF2
AIM2,1.04789342621529,5.88469772941137e-21,Up-regulated,IRF2
COL1A2,1.1475309409739,0.000993184083855998,Up-regulated,IRF2
BATF2,1.49688121074033,6.30002123616176e-16,Up-regulated,IRF2
CKAP2L,1.09730257490456,3.38289629384511e-19,Up-regulated,IRF2
PARP14,1.16918191501088,2.11185522456346e-28,Up-regulated,IRF2
SAMD9L,1.41819768037426,8.83544267735103e-33,Up-regulated,IRF2
EXOC3L1,1.58879404831111,8.00828170238233e-18,Up-regulated,IRF2
PXT1,1.05862544727474,3.8199939042498e-11,Up-regulated,IRF2
DDX60L,1.25543007463543,1.63414161435386e-29,Up-regulated,IRF2
USP18,2.83055409344908,4.18492258404903e-31,Up-regulated,IRF2
IRF7,1.28036769374498,3.99077490447081e-22,Up-regulated,IRF2
IFIT1,2.57491657084068,1.16648415138003e-26,Up-regulated,IRF2
IFITM1,1.11142974525403,1.05333068438069e-30,Up-regulated,IRF2
ISG15,2.52154457782164,4.08198056695273e-26,Up-regulated,IRF2
PLSCR1,1.50374689810645,9.23543789090532e-32,Up-regulated,IRF2
SAMD9,1.12026481087023,1.95485340917388e-25,Up-regulated,IRF2
NRIR,2.22558450121788,6.55067465773718e-23,Up-regulated,IRF2
LAP3,1.12188920383399,8.84290573335841e-23,Up-regulated,IRF1
ETV7,1.54298850976076,1.00543046564162e-16,Up-regulated,IRF1
FOXC1,1.10347167246863,7.67376960940974e-08,Up-regulated,IRF1
EIF2AK2,1.59271783000146,7.69613765994664e-31,Up-regulated,IRF1
PARP12,1.04560023116472,2.92968216441302e-22,Up-regulated,IRF1
IFI35,1.08403339254851,1.13358938423177e-20,Up-regulated,IRF1
CA12,1.00096569282716,6.26444894756168e-08,Up-regulated,IRF1
LAMP3,1.65969754900599,1.29387783258024e-20,Up-regulated,IRF1
CEACAM1,1.17751691709516,5.54743284799181e-19,Up-regulated,IRF1
CADPS2,1.42596078136695,0.000615050556626066,Up-regulated,IRF1
NKAIN1,2.30461186273263,3.02111890488058e-05,Up-regulated,IRF1
CHMP5,1.05903588035494,6.22427545327004e-24,Up-regulated,IRF1
OAS1,2.02707872725152,2.52392275465891e-26,Up-regulated,IRF1
CDC45,1.13098141874761,3.40812313212151e-11,Up-regulated,IRF1
SFRP1,1.32873355935373,1.81555744084341e-05,Up-regulated,IRF1
CAV1,1.27207490862544,2.10166812043655e-10,Up-regulated,IRF1
LGALS3BP,1.38998670977066,4.73243774645441e-20,Up-regulated,IRF1
CCL8,1.85840480127299,1.14818621449767e-09,Up-regulated,IRF1
DHX58,1.08696066231358,1.89182322058877e-19,Up-regulated,IRF1
OAS3,2.27831111279212,1.16963690245986e-23,Up-regulated,IRF1
OAS2,1.8664603205396,2.11401922753326e-25,Up-regulated,IRF1
IFIH1,1.33850850992991,1.44425093977836e-30,Up-regulated,IRF1
GBP1,1.10655840469281,6.26347429594725e-21,Up-regulated,IRF1
IFIT3,2.23080941615439,1.19275115033254e-28,Up-regulated,IRF1
IFIT2,1.75427005442142,5.80713564459244e-28,Up-regulated,IRF1
INHBA,1.38124216897912,2.86645406568941e-09,Up-regulated,IRF1
ZBP1,1.28402643876687,2.67439647588396e-24,Up-regulated,IRF1
MOCS1,1.52323737365802,3.18650266680223e-08,Up-regulated,IRF1
MT2A,1.20394961634382,9.78820712421442e-16,Up-regulated,IRF1
IFI6,2.1351268048688,6.15987356216978e-27,Up-regulated,IRF1
LIF,1.60187085031906,1.29489017978399e-17,Up-regulated,IRF1
APOBEC3A,1.14882721064478,2.00330894930438e-25,Up-regulated,IRF1
RNASE1,1.74783662862642,5.26915194332599e-13,Up-regulated,IRF1
KLHDC7B,1.32192268346349,4.16022722899892e-17,Up-regulated,IRF1
HELZ2,1.02351440519534,1.13179090467602e-16,Up-regulated,IRF1
ASS1,1.10216054046018,5.87191719887768e-05,Up-regulated,IRF1
TRIM22,1.17846825194995,2.65814136646483e-27,Up-regulated,IRF1
XAF1,1.76404566993268,1.22815830285464e-27,Up-regulated,IRF1
EPSTI1,2.09270204222659,3.87345589917604e-30,Up-regulated,IRF1
EPHB2,1.44690974592602,1.10150849410764e-19,Up-regulated,IRF1
RSAD2,2.88245286709172,2.36392162009677e-25,Up-regulated,IRF1
CMPK2,2.36415717731566,2.31238690113774e-25,Up-regulated,IRF1
OASL,2.00107162257635,1.51380997464219e-28,Up-regulated,IRF1
RTP4,1.6077962210579,1.06479160777988e-24,Up-regulated,IRF1
IL1RN,1.05385952978509,3.81085774995458e-21,Up-regulated,IRF1
DDX60,1.77107586628684,1.07246151447533e-30,Up-regulated,IRF1
PARP9,1.18261163796225,9.49384614374972e-29,Up-regulated,IRF1
HERC6,1.47449958301256,5.67952217030984e-27,Up-regulated,IRF1
HERC5,2.1513499342013,8.22311428607812e-29,Up-regulated,IRF1
BCL2A1,1.13036471039581,1.10150849410764e-19,Up-regulated,IRF1
ZCCHC2,1.23757737095701,1.17622478407361e-23,Up-regulated,IRF1
IFITM3,1.27109787195421,1.69803038816558e-18,Up-regulated,IRF1
FAM83A,1.10925579952117,1.93164841787585e-05,Up-regulated,IRF1
LCN2,1.52769632230063,9.98185827879992e-12,Up-regulated,IRF1
KCTD14,1.349394004171,4.2256186840226e-08,Up-regulated,IRF1
OLAH,3.25024747249559,3.36538614400244e-18,Up-regulated,IRF1
IFIT5,1.48323870432885,3.245506627407e-28,Up-regulated,IRF1
ACOXL,1.02252994760605,2.44505159336121e-13,Up-regulated,IRF1
MX1,1.98602947755859,9.43392198961203e-24,Up-regulated,IRF1
DRC1,1.39387148228176,1.38990713351081e-15,Up-regulated,IRF1
LY6E,2.08692263053196,2.12688677188645e-24,Up-regulated,IRF1
AIM2,1.04789342621529,5.88469772941137e-21,Up-regulated,IRF1
PLSCR2,1.05427922070531,7.43734114694009e-16,Up-regulated,IRF1
COL1A2,1.1475309409739,0.000993184083855998,Up-regulated,IRF1
KIAA1958,1.26792862853539,9.65347260697036e-26,Up-regulated,IRF1
E2F7,1.07105706988647,1.02521219466356e-11,Up-regulated,IRF1
NNMT,1.50478788034658,1.27246013363181e-05,Up-regulated,IRF1
BATF2,1.49688121074033,6.30002123616176e-16,Up-regulated,IRF1
CXCL10,1.64694790784055,2.79414510794381e-17,Up-regulated,IRF1
CKAP2L,1.09730257490456,3.38289629384511e-19,Up-regulated,IRF1
RRM2,1.45507991956538,1.07294544458092e-17,Up-regulated,IRF1
OVOL1,2.05648194618793,8.63512238594789e-10,Up-regulated,IRF1
PARP14,1.16918191501088,2.11185522456346e-28,Up-regulated,IRF1
NUPR1,1.04622553727936,4.18953758942849e-08,Up-regulated,IRF1
SAMD9L,1.41819768037426,8.83544267735103e-33,Up-regulated,IRF1
EXOC3L1,1.58879404831111,8.00828170238233e-18,Up-regulated,IRF1
PXT1,1.05862544727474,3.8199939042498e-11,Up-regulated,IRF1
APOBEC3B,1.20441624998683,5.53730671972909e-22,Up-regulated,IRF1
MX2,1.04944312694007,2.6707807213447e-21,Up-regulated,IRF1
USP18,2.83055409344908,4.18492258404903e-31,Up-regulated,IRF1
TCN2,1.07960398836198,3.54583351088283e-15,Up-regulated,IRF1
IRF7,1.28036769374498,3.99077490447081e-22,Up-regulated,IRF1
IFIT1,2.57491657084068,1.16648415138003e-26,Up-regulated,IRF1
IFITM1,1.11142974525403,1.05333068438069e-30,Up-regulated,IRF1
ISG15,2.52154457782164,4.08198056695273e-26,Up-regulated,IRF1
PLSCR1,1.50374689810645,9.23543789090532e-32,Up-regulated,IRF1
NTNG2,1.1790561947089,3.13383422395905e-19,Up-regulated,IRF1
SUCNR1,1.17134701299353,1.00499559715046e-15,Up-regulated,IRF1
NOS1AP,1.12593450386037,4.6169842541843e-09,Up-regulated,IRF1
SAMD9,1.12026481087023,1.95485340917388e-25,Up-regulated,IRF1
NRIR,2.22558450121788,6.55067465773718e-23,Up-regulated,IRF1
LINC01305,1.22302109418377,4.98826145834465e-08,Up-regulated,IRF1
MIR3945HG,1.12389641776643,4.45552858009998e-14,Up-regulated,IRF1
LINC01485,1.21389074530099,1.3283582198748e-11,Up-regulated,IRF1
TMEM178B,1.77951115783143,1.42412785319396e-24,Up-regulated,IRF1
ETV7,1.54298850976076,1.00543046564162e-16,Up-regulated,ETV6
EIF2AK2,1.59271783000146,7.69613765994664e-31,Up-regulated,ETV6
PARP12,1.04560023116472,2.92968216441302e-22,Up-regulated,ETV6
CLDN18,1.00278138326356,0.000327010509225771,Up-regulated,ETV6
IFI35,1.08403339254851,1.13358938423177e-20,Up-regulated,ETV6
LAMP3,1.65969754900599,1.29387783258024e-20,Up-regulated,ETV6
CEACAM1,1.17751691709516,5.54743284799181e-19,Up-regulated,ETV6
CHMP5,1.05903588035494,6.22427545327004e-24,Up-regulated,ETV6
CEACAM6,1.45206098027262,1.87082611081014e-09,Up-regulated,ETV6
OAS1,2.02707872725152,2.52392275465891e-26,Up-regulated,ETV6
CAV1,1.27207490862544,2.10166812043655e-10,Up-regulated,ETV6
DHX58,1.08696066231358,1.89182322058877e-19,Up-regulated,ETV6
OAS3,2.27831111279212,1.16963690245986e-23,Up-regulated,ETV6
OAS2,1.8664603205396,2.11401922753326e-25,Up-regulated,ETV6
IFIH1,1.33850850992991,1.44425093977836e-30,Up-regulated,ETV6
ZNF684,1.02343260037043,5.45530872972871e-17,Up-regulated,ETV6
GBP1,1.10655840469281,6.26347429594725e-21,Up-regulated,ETV6
IFIT3,2.23080941615439,1.19275115033254e-28,Up-regulated,ETV6
IFIT2,1.75427005442142,5.80713564459244e-28,Up-regulated,ETV6
ZBP1,1.28402643876687,2.67439647588396e-24,Up-regulated,ETV6
MT2A,1.20394961634382,9.78820712421442e-16,Up-regulated,ETV6
IFI6,2.1351268048688,6.15987356216978e-27,Up-regulated,ETV6
HELZ2,1.02351440519534,1.13179090467602e-16,Up-regulated,ETV6
TOP2A,1.16842529894688,1.89617712199957e-20,Up-regulated,ETV6
TRIM22,1.17846825194995,2.65814136646483e-27,Up-regulated,ETV6
XAF1,1.76404566993268,1.22815830285464e-27,Up-regulated,ETV6
CCNA1,1.03244697293703,9.53739201544119e-08,Up-regulated,ETV6
EPSTI1,2.09270204222659,3.87345589917604e-30,Up-regulated,ETV6
EPHB2,1.44690974592602,1.10150849410764e-19,Up-regulated,ETV6
CMPK2,2.36415717731566,2.31238690113774e-25,Up-regulated,ETV6
RTP4,1.6077962210579,1.06479160777988e-24,Up-regulated,ETV6
IL10,1.13911226059832,4.48471075392083e-10,Up-regulated,ETV6
IL1RN,1.05385952978509,3.81085774995458e-21,Up-regulated,ETV6
DDX60,1.77107586628684,1.07246151447533e-30,Up-regulated,ETV6
IFI44L,3.18736428893,8.71648995072307e-26,Up-regulated,ETV6
PARP9,1.18261163796225,9.49384614374972e-29,Up-regulated,ETV6
HERC6,1.47449958301256,5.67952217030984e-27,Up-regulated,ETV6
HERC5,2.1513499342013,8.22311428607812e-29,Up-regulated,ETV6
GPR84,1.00874978888966,1.41216158474818e-11,Up-regulated,ETV6
BCL2A1,1.13036471039581,1.10150849410764e-19,Up-regulated,ETV6
IFITM3,1.27109787195421,1.69803038816558e-18,Up-regulated,ETV6
FAM83A,1.10925579952117,1.93164841787585e-05,Up-regulated,ETV6
ANKRD22,1.37561398660022,1.54019077171959e-17,Up-regulated,ETV6
IFIT5,1.48323870432885,3.245506627407e-28,Up-regulated,ETV6
MX1,1.98602947755859,9.43392198961203e-24,Up-regulated,ETV6
AIM2,1.04789342621529,5.88469772941137e-21,Up-regulated,ETV6
PLSCR2,1.05427922070531,7.43734114694009e-16,Up-regulated,ETV6
KIAA1958,1.26792862853539,9.65347260697036e-26,Up-regulated,ETV6
E2F7,1.07105706988647,1.02521219466356e-11,Up-regulated,ETV6
BATF2,1.49688121074033,6.30002123616176e-16,Up-regulated,ETV6
VWA3B,1.17723765123746,1.18705705860472e-07,Up-regulated,ETV6
OVOL1,2.05648194618793,8.63512238594789e-10,Up-regulated,ETV6
PARP14,1.16918191501088,2.11185522456346e-28,Up-regulated,ETV6
LIPM,1.39438755628519,1.83161742617742e-14,Up-regulated,ETV6
EXOC3L1,1.58879404831111,8.00828170238233e-18,Up-regulated,ETV6
PXT1,1.05862544727474,3.8199939042498e-11,Up-regulated,ETV6
APOBEC3B,1.20441624998683,5.53730671972909e-22,Up-regulated,ETV6
DDX60L,1.25543007463543,1.63414161435386e-29,Up-regulated,ETV6
MX2,1.04944312694007,2.6707807213447e-21,Up-regulated,ETV6
USP18,2.83055409344908,4.18492258404903e-31,Up-regulated,ETV6
TCN2,1.07960398836198,3.54583351088283e-15,Up-regulated,ETV6
IRF7,1.28036769374498,3.99077490447081e-22,Up-regulated,ETV6
IFIT1,2.57491657084068,1.16648415138003e-26,Up-regulated,ETV6
IFITM1,1.11142974525403,1.05333068438069e-30,Up-regulated,ETV6
FFAR3,1.49450615868982,6.83481578174332e-20,Up-regulated,ETV6
GLDN,1.66545642068588,3.35892797585846e-10,Up-regulated,ETV6
ISG15,2.52154457782164,4.08198056695273e-26,Up-regulated,ETV6
PLSCR1,1.50374689810645,9.23543789090532e-32,Up-regulated,ETV6
SUCNR1,1.17134701299353,1.00499559715046e-15,Up-regulated,ETV6
NOS1AP,1.12593450386037,4.6169842541843e-09,Up-regulated,ETV6
LINC01531,1.17853117626402,3.06147156010023e-16,Up-regulated,ETV6
MIR3945HG,1.12389641776643,4.45552858009998e-14,Up-regulated,ETV6
LINC01485,1.21389074530099,1.3283582198748e-11,Up-regulated,ETV6
DLGAP1-AS5,2.41295852594592,2.63704862573998e-07,Up-regulated,ETV6
